city,date,actual_mean_temp,actual_min_temp,actual_max_temp,average_min_temp,average_max_temp,record_min_temp,record_max_temp,record_min_temp_year,record_max_temp_year,actual_precipitation,average_precipitation,record_precipitation
NYC,2014-7-1,81,72,89,68,83,52,100,1943,1901,0.00,0.12,2.17
NYC,2014-7-2,82,72,91,68,83,56,100,2001,1966,0.96,0.13,1.79
NYC,2014-7-3,78,69,87,68,83,54,103,1933,1966,1.78,0.12,2.80
NYC,2014-7-4,70,65,74,68,84,55,102,1986,1949,0.14,0.13,1.76
NYC,2014-7-5,72,63,81,68,84,53,101,1979,1999,0.00,0.12,3.07
NYC,2014-7-6,75,66,84,68,84,54,103,1979,2010,0.00,0.13,1.97
NYC,2014-7-7,81,72,90,68,84,56,100,1914,2010,0.04,0.13,3.13
NYC,2014-7-8,81,71,91,69,84,56,100,1894,1993,0.39,0.14,1.80
NYC,2014-7-9,80,71,88,69,84,54,106,1963,1936,0.09,0.14,1.09
NYC,2014-7-10,78,72,83,69,84,55,102,1890,1993,0.00,0.15,1.79
NYC,2014-7-11,79,71,86,69,84,57,98,1898,1988,0.00,0.15,1.94
NYC,2014-7-12,78,71,85,69,84,57,99,1926,1966,0.00,0.15,2.68
NYC,2014-7-13,78,72,83,69,84,54,101,1888,1966,0.03,0.17,3.16
NYC,2014-7-14,78,72,84,69,84,58,100,1926,1954,0.46,0.16,1.60
NYC,2014-7-15,79,72,86,69,84,57,102,1930,1995,1.30,0.15,2.33
NYC,2014-7-16,75,68,81,69,84,56,99,1946,1980,0.0,0.16,1.38
NYC,2014-7-17,74,67,81,69,84,57,100,1892,1953,0.00,0.15,3.13
NYC,2014-7-18,73,64,81,69,84,57,101,1925,1953,0.00,0.15,1.76
NYC,2014-7-19,72,68,76,69,84,57,102,1924,1977,0.00,0.16,1.82
NYC,2014-7-20,72,66,78,69,84,55,101,1890,1980,0.0,0.15,1.97
NYC,2014-7-21,76,67,85,69,84,55,104,1890,1977,0.00,0.15,2.26
NYC,2014-7-22,79,71,86,69,84,55,104,1873,2011,0.00,0.14,1.86
NYC,2014-7-23,80,72,88,69,84,58,100,1890,2011,0.19,0.15,2.41
NYC,2014-7-24,75,70,80,69,84,56,97,1893,1999,0.00,0.15,3.75
NYC,2014-7-25,74,66,82,69,84,57,97,1953,1999,0.00,0.15,1.64
NYC,2014-7-26,75,69,81,69,84,55,98,1920,1940,0.00,0.16,3.80
NYC,2014-7-27,78,71,85,69,84,55,98,1920,1963,0.02,0.16,2.65
NYC,2014-7-28,75,68,82,69,84,57,97,1903,1999,0.19,0.17,3.11
NYC,2014-7-29,70,64,76,69,84,59,99,1914,1949,0.00,0.17,3.47
NYC,2014-7-30,72,63,80,69,84,57,98,1956,1988,0.00,0.17,3.56
NYC,2014-7-31,75,68,82,69,84,57,102,1914,1933,0.00,0.17,2.29
NYC,2014-8-1,78,71,84,69,84,59,100,1964,1933,0.00,0.16,2.85
NYC,2014-8-2,69,63,74,69,84,58,100,1924,1955,0.41,0.16,2.49
NYC,2014-8-3,71,66,76,69,84,55,97,1927,2005,0.07,0.17,2.71
NYC,2014-8-4,77,70,84,69,84,56,100,1886,1944,0.00,0.16,3.25
NYC,2014-8-5,81,71,90,69,84,56,101,1951,1944,0.00,0.16,1.44
NYC,2014-8-6,77,70,83,69,84,57,97,1994,1955,0.00,0.16,3.31
NYC,2014-8-7,75,66,83,69,84,57,104,1994,1918,0.00,0.15,2.18
NYC,2014-8-8,74,65,83,69,84,54,99,1903,2001,0.00,0.15,2.60
NYC,2014-8-9,77,66,87,69,84,57,103,1989,2001,0.00,0.15,4.10
NYC,2014-8-10,78,68,88,69,83,55,98,1879,1949,0.00,0.14,4.64
NYC,2014-8-11,79,71,87,69,83,56,102,1962,1944,0.00,0.14,2.39
NYC,2014-8-12,75,70,79,68,83,55,97,1889,1944,0.19,0.14,3.62
NYC,2014-8-13,75,68,82,68,83,55,99,1930,2005,0.53,0.14,2.70
NYC,2014-8-14,70,63,77,68,83,54,99,1964,1988,0.00,0.15,5.81
NYC,2014-8-15,67,61,73,68,83,54,97,1964,1988,0.00,0.14,1.52
NYC,2014-8-16,71,63,78,68,83,55,96,1880,1944,0.00,0.15,4.80
NYC,2014-8-17,74,66,82,68,83,56,95,1979,1944,0.01,0.14,2.86
NYC,2014-8-18,72,63,81,68,83,55,94,1915,2002,0.00,0.14,3.95
NYC,2014-8-19,73,63,83,68,83,55,94,1924,2002,0.00,0.15,2.53
NYC,2014-8-20,77,70,84,68,82,55,97,1949,1955,0.00,0.14,3.63
NYC,2014-8-21,74,65,83,68,82,53,96,1922,1955,0.35,0.15,4.19
NYC,2014-8-22,72,65,79,67,82,52,95,1895,1916,0.06,0.14,1.85
NYC,2014-8-23,72,67,77,67,82,51,92,1923,1916,0.01,0.14,3.03
NYC,2014-8-24,72,64,80,67,82,52,94,1890,1972,0.00,0.14,3.61
NYC,2014-8-25,76,64,88,67,82,52,95,1940,1948,0.00,0.14,1.86
NYC,2014-8-26,80,70,89,67,81,53,103,1887,1948,0.00,0.12,3.24
NYC,2014-8-27,80,70,90,67,81,50,101,1885,1948,0.00,0.13,4.16
NYC,2014-8-28,74,66,82,66,81,50,100,1885,1948,0.00,0.13,3.99
NYC,2014-8-29,71,61,80,66,81,50,99,1986,1953,0.00,0.12,2.68
NYC,2014-8-30,73,65,80,66,81,50,98,1965,1973,0.00,0.12,2.30
NYC,2014-8-31,82,73,90,66,80,50,100,1976,1953,0.62,0.12,3.76
NYC,2014-9-1,82,75,88,66,80,51,97,1872,1953,0.00,0.13,3.84
NYC,2014-9-2,85,77,92,65,80,51,102,1886,1953,0.00,0.13,2.12
NYC,2014-9-3,79,72,86,65,80,50,99,1893,1929,0.00,0.13,3.32
NYC,2014-9-4,78,69,87,65,79,47,97,1883,1929,0.00,0.14,3.48
NYC,2014-9-5,80,72,87,64,79,51,94,1963,1985,0.00,0.13,2.45
NYC,2014-9-6,79,67,91,64,79,48,97,1924,1881,0.11,0.13,3.26
NYC,2014-9-7,73,65,81,64,78,46,101,1888,1881,0.00,0.14,2.07
NYC,2014-9-8,70,65,75,64,78,54,93,1955,1919,0.00,0.13,4.86
NYC,2014-9-9,68,63,73,63,78,48,94,1883,1915,0.00,0.13,0.86
NYC,2014-9-10,72,63,80,63,77,43,97,1883,1983,0.00,0.13,1.38
NYC,2014-9-11,76,69,83,63,77,43,99,1917,1983,0.00,0.13,2.90
NYC,2014-9-12,70,62,78,62,77,46,94,1917,1961,0.00,0.14,2.35
NYC,2014-9-13,64,58,69,62,76,46,94,1963,1952,0.26,0.14,3.94
NYC,2014-9-14,62,53,71,62,76,46,93,1975,1931,0.00,0.14,3.82
NYC,2014-9-15,63,55,71,61,76,45,92,1913,1927,0.00,0.15,4.16
NYC,2014-9-16,64,58,70,61,75,47,93,1966,1915,0.37,0.15,5.02
NYC,2014-9-17,64,55,73,61,75,45,93,1986,1991,0.00,0.15,3.37
NYC,2014-9-18,67,57,76,60,75,44,91,1990,1891,0.00,0.15,3.92
NYC,2014-9-19,60,54,66,60,74,44,94,1929,1983,0.00,0.15,4.30
NYC,2014-9-20,66,57,75,59,74,44,93,1993,1983,0.00,0.15,2.32
NYC,2014-9-21,71,67,75,59,73,40,95,1871,1895,0.15,0.15,5.54
NYC,2014-9-22,63,55,71,59,73,41,95,1904,1914,0.0,0.15,2.34
NYC,2014-9-23,62,52,71,58,73,41,97,1947,1895,0.00,0.14,8.28
NYC,2014-9-24,65,58,71,58,72,40,89,1963,1959,0.00,0.15,2.26
NYC,2014-9-25,61,57,64,57,72,40,90,1887,1970,0.32,0.14,2.36
NYC,2014-9-26,68,58,77,57,71,42,91,1940,1970,0.00,0.15,2.34
NYC,2014-9-27,72,60,83,57,71,41,90,1957,1933,0.00,0.15,3.13
NYC,2014-9-28,74,64,84,56,70,41,88,1947,1881,0.00,0.16,3.84
NYC,2014-9-29,73,67,79,56,70,42,88,1942,1945,0.00,0.16,2.18
NYC,2014-9-30,67,62,71,55,70,39,89,1912,1986,0.0,0.16,2.64
NYC,2014-10-1,63,61,65,55,69,36,88,1947,1927,0.02,0.15,4.98
NYC,2014-10-2,66,61,70,55,69,39,90,1886,1927,0.00,0.14,2.16
NYC,2014-10-3,64,56,71,54,68,38,87,1974,1919,0.00,0.14,1.55
NYC,2014-10-4,61,52,69,54,68,37,88,1888,1941,1.18,0.13,4.05
NYC,2014-10-5,54,46,61,54,68,35,94,1881,1941,0.00,0.15,1.99
NYC,2014-10-6,60,50,69,53,67,36,90,1881,1941,0.00,0.14,2.39
NYC,2014-10-7,67,63,71,53,67,39,88,1999,1944,0.06,0.15,4.09
NYC,2014-10-8,68,62,73,52,67,37,87,1988,2007,0.04,0.14,4.30
NYC,2014-10-9,62,55,68,52,66,37,86,2000,1916,0.00,0.15,7.33
NYC,2014-10-10,58,52,64,52,66,35,91,1888,1939,0.0,0.16,2.16
NYC,2014-10-11,55,50,60,51,65,34,85,1964,1949,0.33,0.15,3.06
NYC,2014-10-12,56,48,63,51,65,35,86,1876,1954,0.00,0.14,4.26
NYC,2014-10-13,59,52,65,51,65,33,87,1875,1954,0.05,0.14,2.75
NYC,2014-10-14,70,63,76,50,64,37,84,1988,1920,0.00,0.15,1.76
NYC,2014-10-15,73,69,77,50,64,32,84,1876,1956,0.69,0.14,1.70
NYC,2014-10-16,66,61,71,50,64,34,87,1876,1897,1.11,0.14,2.15
NYC,2014-10-17,65,59,71,50,63,33,90,1886,1938,0.00,0.14,2.28
NYC,2014-10-18,63,56,70,49,63,35,82,1974,1928,0.00,0.14,2.45
NYC,2014-10-19,50,44,56,49,63,30,83,1940,1963,0.00,0.14,4.35
NYC,2014-10-20,51,42,60,49,62,31,80,1974,1969,0.00,0.14,2.78
NYC,2014-10-21,61,55,67,48,62,32,84,1974,1920,0.11,0.14,2.17
NYC,2014-10-22,54,50,58,48,62,30,88,1940,1979,1.51,0.15,1.51
NYC,2014-10-23,52,50,53,48,61,32,85,1969,1947,0.61,0.14,2.97
NYC,2014-10-24,57,51,63,48,61,31,79,1969,2001,0.00,0.14,2.51
NYC,2014-10-25,59,50,67,47,61,29,79,1879,1963,0.01,0.15,3.30
NYC,2014-10-26,58,53,63,47,61,30,78,1879,1964,0.0,0.13,3.40
NYC,2014-10-27,56,48,63,47,60,28,82,1936,1963,0.00,0.14,1.88
NYC,2014-10-28,63,53,72,47,60,29,83,1976,1919,0.00,0.13,2.49
NYC,2014-10-29,62,51,72,46,60,31,78,1925,1971,0.0,0.14,3.67
NYC,2014-10-30,53,47,59,46,59,31,82,1925,1961,0.00,0.13,1.64
NYC,2014-10-31,50,45,55,46,59,29,81,1925,1946,0.05,0.14,2.41
NYC,2014-11-1,45,42,47,46,59,30,84,1885,1950,0.35,0.14,1.69
NYC,2014-11-2,45,41,48,45,58,30,83,1887,1950,0.00,0.14,1.70
NYC,2014-11-3,50,39,61,45,58,28,79,1875,2003,0.00,0.13,2.60
NYC,2014-11-4,61,53,68,45,58,25,78,1879,1975,0.00,0.13,1.44
NYC,2014-11-5,60,56,64,45,57,23,78,1879,1961,0.00,0.13,1.94
NYC,2014-11-6,53,48,57,44,57,27,74,1879,1948,0.37,0.14,1.47
NYC,2014-11-7,47,40,53,44,57,29,78,1930,1938,0.00,0.13,2.96
NYC,2014-11-8,42,36,48,44,57,29,76,1886,1975,0.00,0.12,7.40
NYC,2014-11-9,52,46,57,44,56,24,75,1976,1975,0.00,0.13,3.65
NYC,2014-11-10,53,44,61,43,56,27,73,1914,1985,0.00,0.13,1.70
NYC,2014-11-11,57,49,64,43,56,28,74,1933,1949,0.00,0.12,1.41
NYC,2014-11-12,56,47,65,43,55,26,76,1926,1879,0.00,0.12,2.39
NYC,2014-11-13,42,36,48,43,55,22,73,1873,1931,0.20,0.13,2.06
NYC,2014-11-14,39,35,42,42,55,20,72,1905,1993,0.06,0.13,2.23
NYC,2014-11-15,38,33,42,42,54,20,80,1967,1993,0.00,0.13,2.43
NYC,2014-11-16,40,35,45,42,54,17,72,1933,1928,0.03,0.13,2.39
NYC,2014-11-17,46,40,52,41,53,19,71,1933,1953,1.54,0.14,1.54
NYC,2014-11-18,35,24,45,41,53,18,73,1936,1928,0.00,0.14,1.24
NYC,2014-11-19,29,22,36,41,53,18,72,1936,1921,0.00,0.14,1.95
NYC,2014-11-20,38,31,45,40,52,20,77,1873,1985,0.00,0.13,3.37
NYC,2014-11-21,33,28,37,40,52,16,74,1879,1900,0.00,0.14,1.33
NYC,2014-11-22,36,28,44,40,52,13,72,1880,1931,0.00,0.14,2.03
NYC,2014-11-23,50,43,57,40,51,14,72,1880,1931,0.00,0.14,1.84
NYC,2014-11-24,61,53,69,39,51,14,73,1880,1979,0.70,0.14,1.95
NYC,2014-11-25,60,51,68,39,50,19,73,1938,1979,0.00,0.13,1.36
NYC,2014-11-26,43,34,51,39,50,16,67,1938,1946,1.24,0.14,1.91
NYC,2014-11-27,36,34,38,38,50,12,72,1932,1896,0.02,0.13,2.15
NYC,2014-11-28,33,29,37,38,49,15,70,1930,2011,0.00,0.14,2.14
NYC,2014-11-29,36,27,45,38,49,15,69,1872,1990,0.00,0.14,2.01
NYC,2014-11-30,50,45,55,37,49,7,70,1875,1991,0.00,0.15,1.11
NYC,2014-12-1,54,42,65,37,48,9,70,1875,2006,0.09,0.14,1.72
NYC,2014-12-2,39,35,43,37,48,12,66,1875,1970,0.08,0.14,2.16
NYC,2014-12-3,44,41,46,36,47,9,69,1976,1998,0.06,0.15,1.63
NYC,2014-12-4,41,37,45,36,47,10,74,1882,1998,0.00,0.14,1.84
NYC,2014-12-5,39,34,44,35,47,11,70,1926,2001,0.51,0.14,1.28
NYC,2014-12-6,45,39,50,35,46,11,71,1871,2001,1.22,0.13,1.60
NYC,2014-12-7,36,30,42,35,46,10,75,1926,1998,0.04,0.14,1.98
NYC,2014-12-8,31,24,37,34,45,10,65,1882,1927,0.00,0.14,1.54
NYC,2014-12-9,39,36,42,34,45,7,66,1876,1966,2.54,0.13,2.54
NYC,2014-12-10,36,32,40,34,45,3,70,1876,1946,0.08,0.14,1.62
NYC,2014-12-11,35,31,38,33,44,6,64,1880,1879,0.01,0.14,2.41
NYC,2014-12-12,35,32,38,33,44,5,68,1988,1931,0.00,0.13,1.60
NYC,2014-12-13,39,34,44,33,44,8,64,1960,1923,0.00,0.13,3.03
NYC,2014-12-14,42,38,46,32,43,12,67,1976,1881,0.00,0.13,2.22
NYC,2014-12-15,43,37,48,32,43,6,67,1874,2008,0.00,0.13,1.34
NYC,2014-12-16,44,38,49,32,43,7,63,1876,1971,0.20,0.12,2.25
NYC,2014-12-17,48,42,54,32,42,1,62,1919,2000,0.02,0.13,2.28
NYC,2014-12-18,40,37,42,31,42,-1,63,1919,1984,0.00,0.12,1.30
NYC,2014-12-19,35,31,38,31,42,-1,58,1884,1931,0.00,0.12,1.58
NYC,2014-12-20,32,30,33,31,42,-4,60,1942,2002,0.00,0.12,1.82
NYC,2014-12-21,34,31,36,30,41,-1,65,1942,2013,0.0,0.13,2.49
NYC,2014-12-22,40,35,44,30,41,2,71,1872,2013,0.04,0.12,2.18
NYC,2014-12-23,45,43,46,30,41,-1,66,1883,1990,0.16,0.13,1.61
NYC,2014-12-24,51,44,58,30,41,6,63,1983,1996,0.80,0.13,1.42
NYC,2014-12-25,53,44,62,29,40,-1,64,1980,1982,0.09,0.13,1.30
NYC,2014-12-26,45,40,50,29,40,3,63,1914,1982,0.00,0.12,1.66
NYC,2014-12-27,50,44,55,29,40,6,63,1872,1949,0.00,0.12,2.14
NYC,2014-12-28,49,43,54,29,40,8,65,1917,1982,0.10,0.12,1.35
NYC,2014-12-29,39,34,44,28,39,-6,70,1917,1984,0.00,0.11,2.52
NYC,2014-12-30,31,28,34,28,39,-13,65,1917,1984,0.00,0.12,1.69
NYC,2014-12-31,30,27,32,28,39,-7,63,1917,1965,0.00,0.11,2.31
NYC,2015-1-1,33,27,39,28,39,-4,62,1918,1966,0.00,0.12,2.05
NYC,2015-1-2,39,35,42,28,39,2,68,1918,1876,0.00,0.12,1.92
NYC,2015-1-3,38,33,42,28,39,-4,64,1879,2000,0.71,0.12,2.42
NYC,2015-1-4,49,41,56,27,39,-3,66,1918,1950,0.30,0.12,2.73
NYC,2015-1-5,35,21,49,27,38,-4,64,1904,1993,0.00,0.12,1.50
NYC,2015-1-6,21,19,22,27,38,-2,72,1896,2007,0.05,0.13,1.65
NYC,2015-1-7,16,9,23,27,38,4,64,2014,1907,0.00,0.12,2.67
NYC,2015-1-8,15,8,21,27,38,2,65,1968,1998,0.00,0.11,1.25
NYC,2015-1-9,26,19,33,27,38,-1,64,1968,1937,0.07,0.13,1.42
NYC,2015-1-10,20,16,23,27,38,-6,60,1875,1876,0.00,0.12,1.72
NYC,2015-1-11,28,18,37,27,38,3,63,1968,1975,0.00,0.12,1.46
NYC,2015-1-12,37,35,39,27,38,2,64,1981,1890,0.36,0.13,2.35
NYC,2015-1-13,27,17,36,27,38,-3,68,1914,1932,0.00,0.12,1.44
NYC,2015-1-14,24,16,32,27,38,-5,70,1914,1932,0.00,0.12,2.06
NYC,2015-1-15,30,25,35,27,38,0,67,1957,1932,0.00,0.13,1.27
NYC,2015-1-16,32,20,43,27,38,1,58,2004,1995,0.00,0.12,1.44
NYC,2015-1-17,25,17,32,27,38,-2,63,1977,1990,0.00,0.12,1.36
NYC,2015-1-18,37,31,42,27,38,0,66,1982,1990,2.10,0.11,2.10
NYC,2015-1-19,39,36,42,27,38,-3,64,1875,1951,0.00,0.12,2.39
NYC,2015-1-20,36,32,40,27,38,0,61,1994,2006,0.00,0.11,1.41
NYC,2015-1-21,31,25,36,27,38,-2,63,1985,2006,0.00,0.12,3.45
NYC,2015-1-22,36,31,40,27,38,0,61,1888,1959,0.00,0.12,1.70
NYC,2015-1-23,34,28,39,27,38,-3,62,1936,1906,0.00,0.11,2.55
NYC,2015-1-24,36,33,39,27,38,-6,68,1882,1967,0.72,0.11,2.18
NYC,2015-1-25,37,31,42,27,38,2,60,1945,1967,0.00,0.11,1.80
NYC,2015-1-26,27,22,31,27,39,3,72,1927,1950,0.48,0.11,2.19
NYC,2015-1-27,25,20,30,27,39,-1,69,1927,1916,0.36,0.11,1.94
NYC,2015-1-28,25,16,34,27,39,-2,66,1925,1916,0.00,0.11,1.87
NYC,2015-1-29,28,19,36,27,39,0,69,1873,2002,0.02,0.11,1.03
NYC,2015-1-30,29,19,38,27,39,2,64,1873,2006,0.06,0.11,1.19
NYC,2015-1-31,20,13,26,27,39,-1,63,1920,1947,0.00,0.12,1.51
NYC,2015-2-1,28,20,36,27,39,-2,67,1920,1989,0.03,0.11,2.12
NYC,2015-2-2,24,14,34,27,39,-3,59,1881,1988,1.02,0.11,2.98
NYC,2015-2-3,20,13,26,27,39,0,64,1955,1991,0.00,0.11,1.55
NYC,2015-2-4,34,24,43,28,40,0,68,1918,1991,0.00,0.10,2.10
NYC,2015-2-5,28,14,42,28,40,-6,70,1918,1991,0.00,0.11,1.43
NYC,2015-2-6,20,12,27,28,40,-4,68,1895,2008,0.00,0.11,2.74
NYC,2015-2-7,33,25,40,28,40,1,54,1910,1938,0.02,0.11,2.96
NYC,2015-2-8,33,29,37,28,40,-7,61,1934,1965,0.00,0.11,1.15
NYC,2015-2-9,27,25,29,28,40,-15,63,1934,1990,0.09,0.10,1.74
NYC,2015-2-10,33,26,40,28,41,-6,61,1899,2001,0.01,0.11,2.63
NYC,2015-2-11,28,22,34,28,41,-2,65,1899,1960,0.00,0.10,2.74
NYC,2015-2-12,28,16,40,28,41,-3,62,1914,1999,0.0,0.11,1.66
NYC,2015-2-13,15,8,21,29,41,-1,64,1914,1951,0.00,0.10,2.42
NYC,2015-2-14,24,16,32,29,41,2,63,1916,1946,0.02,0.11,1.59
NYC,2015-2-15,15,4,25,29,42,-8,73,1943,1949,0.0,0.10,1.73
NYC,2015-2-16,12,3,21,29,42,1,71,1888,1954,0.00,0.12,1.40
NYC,2015-2-17,21,14,27,29,42,-5,67,1896,1976,0.14,0.11,1.49
NYC,2015-2-18,26,19,33,29,42,0,68,1979,1981,0.0,0.11,1.50
NYC,2015-2-19,18,8,27,30,42,1,66,1936,1997,0.00,0.11,2.15
NYC,2015-2-20,11,2,19,30,43,2,69,2015,1939,0.00,0.11,3.07
NYC,2015-2-21,23,13,32,30,43,4,68,1896,1930,0.61,0.11,1.86
NYC,2015-2-22,38,32,43,30,43,8,69,1963,1997,0.10,0.11,2.39
NYC,2015-2-23,23,8,38,30,43,5,70,1889,1985,0.00,0.12,1.38
NYC,2015-2-24,14,4,24,30,44,-4,75,1873,1985,0.00,0.12,1.69
NYC,2015-2-25,29,20,37,31,44,1,75,1914,1930,0.00,0.11,2.11
NYC,2015-2-26,27,21,32,31,44,7,65,1990,1890,0.00,0.12,1.87
NYC,2015-2-27,24,18,30,31,44,5,72,1900,1997,0.00,0.12,1.56
NYC,2015-2-28,21,13,29,31,45,5,67,1934,1976,0.00,0.12,1.21
NYC,2015-3-1,28,24,31,31,45,5,73,1884,1972,0.52,0.13,2.95
NYC,2015-3-2,33,27,39,32,45,9,72,1891,1972,0.00,0.12,2.41
NYC,2015-3-3,30,22,37,32,45,11,65,2003,1991,0.67,0.12,2.25
NYC,2015-3-4,40,35,45,32,46,7,70,1943,1974,0.25,0.13,1.65
NYC,2015-3-5,30,19,40,32,46,3,72,1872,1880,0.76,0.13,1.81
NYC,2015-3-6,20,12,27,32,46,6,68,1872,1935,0.00,0.13,2.63
NYC,2015-3-7,28,18,38,33,47,7,74,1890,1946,0.00,0.13,1.87
NYC,2015-3-8,43,37,49,33,47,8,76,1883,1987,0.00,0.14,1.78
NYC,2015-3-9,47,40,54,33,47,11,69,1996,2000,0.01,0.13,1.82
NYC,2015-3-10,46,39,53,33,48,12,74,1929,2006,0.46,0.13,1.62
NYC,2015-3-11,52,44,59,34,48,14,73,1960,1977,0.01,0.13,2.94
NYC,2015-3-12,42,36,47,34,48,8,71,1888,1890,0.00,0.13,2.33
NYC,2015-3-13,37,31,43,34,49,6,85,1888,1990,0.00,0.12,3.86
NYC,2015-3-14,46,40,51,35,49,15,75,1896,1946,0.81,0.14,1.02
NYC,2015-3-15,40,36,44,35,49,14,77,1993,1990,0.00,0.14,1.81
NYC,2015-3-16,44,35,52,35,50,13,82,1911,1990,0.00,0.14,2.03
NYC,2015-3-17,46,34,57,35,50,9,75,1916,1945,0.02,0.15,1.42
NYC,2015-3-18,34,29,39,36,50,7,77,1916,1989,0.00,0.14,3.10
NYC,2015-3-19,36,29,43,36,51,8,76,1967,1918,0.00,0.15,2.19
NYC,2015-3-20,34,29,38,36,51,11,83,1885,1945,0.40,0.15,1.93
NYC,2015-3-21,38,29,47,37,51,10,84,1885,1921,0.0,0.15,2.37
NYC,2015-3-22,36,28,43,37,52,12,78,1885,2012,0.00,0.15,3.44
NYC,2015-3-23,31,23,38,37,52,12,76,1875,1923,0.00,0.16,1.60
NYC,2015-3-24,36,26,45,37,52,12,76,1888,1988,0.00,0.15,2.05
NYC,2015-3-25,42,34,49,38,53,13,79,1878,1963,0.05,0.15,4.25
NYC,2015-3-26,52,42,62,38,53,20,76,1960,1922,0.32,0.15,1.42
NYC,2015-3-27,43,39,46,38,54,20,83,1894,1998,0.27,0.16,1.79
NYC,2015-3-28,33,26,40,39,54,13,84,1923,1945,0.0,0.15,2.98
NYC,2015-3-29,36,25,46,39,54,10,86,1923,1945,0.00,0.15,2.03
NYC,2015-3-30,45,36,54,39,55,16,82,1887,1998,0.0,0.16,2.45
NYC,2015-3-31,41,35,47,40,55,14,86,1923,1998,0.17,0.15,2.20
NYC,2015-4-1,42,32,51,40,56,12,83,1923,1917,0.00,0.16,1.89
NYC,2015-4-2,54,41,67,40,56,22,81,1919,1967,0.00,0.16,1.93
NYC,2015-4-3,62,59,64,41,56,24,81,1954,1981,0.04,0.16,1.90
NYC,2015-4-4,51,42,60,41,57,21,80,1874,1892,0.01,0.16,1.99
NYC,2015-4-5,52,42,61,41,57,20,80,1874,1928,0.00,0.16,2.76
NYC,2015-4-6,53,42,63,42,58,21,79,1982,1947,0.00,0.15,2.52
NYC,2015-4-7,52,42,62,42,58,21,92,1982,2010,0.15,0.16,1.35
NYC,2015-4-8,41,37,45,42,58,25,90,1982,1991,0.00,0.15,1.93
NYC,2015-4-9,40,37,43,43,59,25,86,1977,1991,0.00,0.16,3.42
NYC,2015-4-10,48,39,56,43,59,28,86,1997,1922,0.17,0.17,4.31
NYC,2015-4-11,51,44,57,43,60,24,84,1909,1955,0.00,0.16,1.10
NYC,2015-4-12,55,43,66,44,60,22,90,1874,1977,0.00,0.16,2.12
NYC,2015-4-13,59,50,68,44,60,25,88,1874,1977,0.00,0.16,1.26
NYC,2015-4-14,60,55,65,44,61,26,85,1950,1941,0.01,0.16,2.72
NYC,2015-4-15,62,51,72,45,61,28,87,1943,1941,0.00,0.15,7.57
NYC,2015-4-16,58,52,64,45,62,29,92,1928,2002,0.00,0.14,3.29
NYC,2015-4-17,63,55,71,45,62,28,96,1875,2002,0.08,0.15,1.29
NYC,2015-4-18,70,59,80,46,62,25,96,1875,1976,0.00,0.14,2.19
NYC,2015-4-19,56,48,64,46,63,21,92,1875,1976,0.00,0.15,1.96
NYC,2015-4-20,52,46,57,46,63,24,90,1897,1927,1.37,0.14,1.96
NYC,2015-4-21,59,52,65,47,63,26,87,1875,1923,0.20,0.14,2.28
NYC,2015-4-22,59,48,69,47,64,33,86,1947,2001,0.05,0.14,2.45
NYC,2015-4-23,47,41,52,47,64,32,86,1930,2007,0.00,0.14,2.34
NYC,2015-4-24,46,39,52,48,64,31,87,1930,2001,0.00,0.14,2.17
NYC,2015-4-25,50,38,62,48,65,29,91,1919,1915,0.00,0.14,1.68
NYC,2015-4-26,55,46,64,48,65,31,92,1919,2009,0.00,0.14,1.88
NYC,2015-4-27,56,49,62,48,65,36,92,1932,1915,0.00,0.14,2.04
NYC,2015-4-28,61,50,71,49,66,34,90,1934,1990,0.00,0.15,2.74
NYC,2015-4-29,64,50,78,49,66,32,89,1874,1974,0.00,0.14,0.91
NYC,2015-4-30,58,48,67,49,66,30,91,1875,1942,0.00,0.13,4.97
NYC,2015-5-1,56,49,63,50,67,35,87,1880,2001,0.00,0.12,2.48
NYC,2015-5-2,61,48,74,50,67,37,90,1903,2001,0.00,0.12,1.10
NYC,2015-5-3,66,51,80,50,67,36,90,1874,2001,0.00,0.13,1.66
NYC,2015-5-4,71,57,85,50,68,38,92,1917,2001,0.00,0.13,2.02
NYC,2015-5-5,76,66,85,51,68,34,90,1891,1980,0.00,0.13,1.55
NYC,2015-5-6,66,59,73,51,68,32,92,1891,1986,0.0,0.13,1.46
NYC,2015-5-7,68,56,80,51,68,37,93,1891,2000,0.00,0.14,3.82
NYC,2015-5-8,69,56,82,52,69,37,91,1947,2000,0.00,0.12,3.02
NYC,2015-5-9,64,57,70,52,69,35,94,1947,1979,0.00,0.13,1.42
NYC,2015-5-10,72,61,83,52,69,36,94,1966,1979,0.00,0.13,2.10
NYC,2015-5-11,77,70,84,52,70,36,92,1913,1993,0.0,0.12,1.67
NYC,2015-5-12,75,64,86,53,70,40,93,1907,1881,0.00,0.13,1.84
NYC,2015-5-13,62,53,70,53,70,39,89,1895,1956,0.00,0.12,1.66
NYC,2015-5-14,62,50,73,53,70,40,88,1878,1900,0.00,0.12,3.38
NYC,2015-5-15,65,55,75,54,71,42,90,1947,1900,0.00,0.13,1.16
NYC,2015-5-16,66,57,75,54,71,42,90,1878,1951,0.30,0.13,2.66
NYC,2015-5-17,74,64,83,54,71,39,92,1956,1974,0.02,0.13,1.05
NYC,2015-5-18,68,60,75,55,71,41,90,1973,1936,0.00,0.13,2.18
NYC,2015-5-19,70,59,80,55,72,38,99,1976,1962,0.0,0.13,2.02
NYC,2015-5-20,61,54,67,55,72,43,96,2002,1996,0.00,0.14,2.03
NYC,2015-5-21,57,52,62,55,72,40,93,1907,1996,0.00,0.14,1.94
NYC,2015-5-22,65,55,74,56,72,44,96,1990,1941,0.00,0.15,1.25
NYC,2015-5-23,60,49,70,56,73,43,94,1963,1964,0.00,0.15,2.70
NYC,2015-5-24,69,56,81,56,73,39,93,1963,1975,0.00,0.15,2.07
NYC,2015-5-25,75,64,85,57,73,41,95,1925,1880,0.00,0.15,0.86
NYC,2015-5-26,78,67,88,57,74,42,95,1967,1880,0.00,0.15,1.28
NYC,2015-5-27,78,70,85,57,74,41,96,1961,1880,0.08,0.14,2.62
NYC,2015-5-28,78,70,85,58,74,43,94,1961,1959,0.00,0.14,1.16
NYC,2015-5-29,75,65,85,58,74,43,97,1902,1969,0.00,0.16,3.99
NYC,2015-5-30,76,67,85,58,75,42,97,1884,1987,0.00,0.15,2.19
NYC,2015-5-31,72,57,87,59,75,46,96,1938,1939,1.46,0.15,3.13
NYC,2015-6-1,55,51,58,59,75,44,96,1945,1895,0.72,0.16,2.60
NYC,2015-6-2,53,50,55,59,76,48,96,1946,1895,0.37,0.16,2.79
NYC,2015-6-3,61,52,70,60,76,45,95,1929,1895,0.00,0.16,3.01
NYC,2015-6-4,60,54,65,60,76,48,99,1926,1925,0.00,0.16,2.75
NYC,2015-6-5,63,55,70,60,76,47,99,1945,1925,0.13,0.16,2.80
NYC,2015-6-6,68,60,76,61,77,47,98,1945,1925,0.19,0.16,2.62
NYC,2015-6-7,65,55,74,61,77,47,96,1897,1925,0.00,0.16,4.16
NYC,2015-6-8,71,63,79,61,77,47,95,1932,1933,0.06,0.16,1.47
NYC,2015-6-9,76,68,83,62,78,47,97,1980,1933,0.01,0.16,2.55
NYC,2015-6-10,74,65,82,62,78,49,96,1972,2008,0.00,0.16,2.07
NYC,2015-6-11,81,72,89,62,78,46,95,1972,1973,0.00,0.16,1.14
NYC,2015-6-12,81,73,88,63,78,48,93,1979,1973,0.00,0.16,2.18
NYC,2015-6-13,79,72,86,63,79,51,96,1953,1961,0.00,0.16,1.71
NYC,2015-6-14,77,66,88,63,79,49,99,1875,1956,0.36,0.16,2.54
NYC,2015-6-15,74,64,83,64,79,48,96,1933,1994,0.57,0.15,1.13
NYC,2015-6-16,72,65,79,64,80,52,97,1927,1891,0.27,0.15,1.31
NYC,2015-6-17,74,66,82,64,80,51,96,1926,1957,0.0,0.16,1.82
NYC,2015-6-18,68,64,71,65,80,48,95,1950,1929,0.00,0.14,2.30
NYC,2015-6-19,78,68,87,65,80,52,98,1920,1994,0.00,0.14,2.16
NYC,2015-6-20,70,64,75,65,81,49,98,1914,1923,0.0,0.13,1.39
NYC,2015-6-21,80,71,88,65,81,49,97,1897,1988,0.64,0.14,1.70
NYC,2015-6-22,79,70,87,66,81,52,98,1940,1988,0.00,0.13,1.96
NYC,2015-6-23,83,75,90,66,81,49,96,1918,1888,0.02,0.13,1.75
NYC,2015-6-24,76,68,84,66,82,52,96,1932,1888,0.00,0.13,1.46
NYC,2015-6-25,74,65,83,66,82,50,99,1873,1952,0.00,0.14,1.28
NYC,2015-6-26,75,69,81,67,82,56,100,1979,1952,0.00,0.13,4.29
NYC,2015-6-27,65,58,71,67,82,55,101,1940,1966,1.12,0.12,2.11
NYC,2015-6-28,68,62,73,67,83,54,96,1995,1991,0.29,0.13,1.69
NYC,2015-6-29,70,63,76,67,83,52,101,1919,1934,0.00,0.12,2.57
NYC,2015-6-30,75,68,82,67,83,53,99,1919,1964,0.00,0.13,3.07
HOU,2014-7-1,84,74,94,75,93,66,102,1985,1980,0.00,0.16,1.40
HOU,2014-7-2,84,74,94,75,93,66,104,1924,1894,0.00,0.16,5.43
HOU,2014-7-3,84,73,94,75,93,66,100,1977,1980,0.0,0.16,1.29
HOU,2014-7-4,82,72,91,75,93,66,101,1910,2009,0.48,0.15,3.49
HOU,2014-7-5,82,73,90,75,93,66,102,1924,2009,0.31,0.16,3.04
HOU,2014-7-6,81,72,89,75,93,63,101,1970,2005,0.01,0.15,1.73
HOU,2014-7-7,84,74,93,75,93,62,100,1972,1980,0.08,0.15,2.32
HOU,2014-7-8,83,74,92,75,93,68,104,1892,1980,0.00,0.15,1.49
HOU,2014-7-9,85,74,95,75,93,64,102,1905,1980,0.00,0.14,2.39
HOU,2014-7-10,83,73,93,75,93,65,101,1893,1980,0.0,0.14,1.75
HOU,2014-7-11,83,72,94,75,93,64,103,1905,1980,0.0,0.13,3.08
HOU,2014-7-12,84,74,94,75,93,65,104,1891,1980,0.00,0.12,5.19
HOU,2014-7-13,87,77,96,75,94,66,102,1895,1980,0.0,0.13,5.40
HOU,2014-7-14,86,76,96,75,94,62,103,1990,1980,0.00,0.12,2.94
HOU,2014-7-15,82,75,89,75,94,64,103,1967,2000,0.06,0.12,4.32
HOU,2014-7-16,82,73,90,75,94,66,104,1895,1980,0.00,0.12,2.04
HOU,2014-7-17,83,76,89,75,94,67,104,1974,1980,0.39,0.10,2.23
HOU,2014-7-18,81,75,87,75,94,67,102,1974,1980,0.04,0.11,2.85
HOU,2014-7-19,79,72,85,75,94,68,102,1974,1980,0.00,0.11,1.51
HOU,2014-7-20,83,73,93,75,94,69,102,1970,2000,0.01,0.11,2.08
HOU,2014-7-21,87,77,96,75,94,65,101,1989,2000,0.00,0.10,1.09
HOU,2014-7-22,87,77,96,75,94,67,101,1988,2000,0.00,0.10,2.78
HOU,2014-7-23,86,76,95,75,94,64,101,1970,1980,0.07,0.11,2.36
HOU,2014-7-24,84,73,94,75,94,68,101,1972,1954,0.01,0.10,2.09
HOU,2014-7-25,85,74,95,75,94,65,102,1894,1964,0.00,0.10,3.74
HOU,2014-7-26,87,78,95,75,94,68,105,1972,1954,0.00,0.11,2.35
HOU,2014-7-27,87,77,97,75,95,66,101,1902,1995,0.00,0.10,5.22
HOU,2014-7-28,88,77,99,75,95,66,103,1891,1995,0.00,0.10,2.52
HOU,2014-7-29,83,74,92,75,95,64,101,1994,1907,0.03,0.10,4.70
HOU,2014-7-30,83,72,94,75,95,68,102,1994,1914,0.00,0.09,2.11
HOU,2014-7-31,84,73,94,75,95,67,103,1936,1998,3.91,0.09,3.91
HOU,2014-8-1,80,73,87,75,95,67,103,1984,1998,0.01,0.10,2.10
HOU,2014-8-2,77,71,82,75,95,68,104,1891,1998,0.00,0.10,1.65
HOU,2014-8-3,81,72,89,75,95,66,103,1949,1998,0.00,0.10,1.77
HOU,2014-8-4,83,73,92,75,95,63,102,1976,1951,0.0,0.11,2.94
HOU,2014-8-5,83,74,92,75,95,64,103,1976,1964,0.0,0.10,2.81
HOU,2014-8-6,85,75,94,75,95,64,101,1891,1947,0.0,0.11,1.20
HOU,2014-8-7,87,79,95,75,95,63,104,1891,2003,0.00,0.11,2.61
HOU,2014-8-8,87,77,97,75,95,68,104,1990,1962,0.10,0.10,1.66
HOU,2014-8-9,86,77,94,75,95,62,106,1989,1962,0.00,0.11,1.83
HOU,2014-8-10,86,78,94,75,95,62,104,1989,1962,0.00,0.11,2.88
HOU,2014-8-11,86,75,97,75,95,65,102,1989,2011,0.25,0.10,2.72
HOU,2014-8-12,87,76,97,75,95,64,105,1989,1962,0.00,0.11,1.41
HOU,2014-8-13,84,73,94,75,95,64,104,2004,1962,0.00,0.11,1.82
HOU,2014-8-14,83,73,93,75,95,65,102,2004,2007,0.02,0.11,2.80
HOU,2014-8-15,86,75,96,75,95,61,101,2004,1994,0.00,0.11,2.74
HOU,2014-8-16,89,80,98,75,95,63,102,2004,1925,0.00,0.12,3.95
HOU,2014-8-17,88,78,97,75,95,60,104,1992,1909,0.0,0.12,3.57
HOU,2014-8-18,86,76,96,75,95,62,108,1992,1909,0.00,0.13,6.69
HOU,2014-8-19,85,76,94,75,95,69,107,2000,1909,0.0,0.13,1.85
HOU,2014-8-20,85,74,96,75,95,65,107,1976,1909,0.01,0.13,1.80
HOU,2014-8-21,87,76,98,75,94,63,106,1940,1909,0.00,0.13,2.00
HOU,2014-8-22,87,75,98,75,94,64,106,1976,1980,0.00,0.13,3.25
HOU,2014-8-23,87,75,98,75,94,64,107,1973,1980,0.00,0.13,2.46
HOU,2014-8-24,86,74,98,75,94,54,105,1891,1980,0.00,0.14,2.48
HOU,2014-8-25,87,76,97,75,94,55,103,1891,1924,0.00,0.13,1.90
HOU,2014-8-26,86,74,97,74,94,57,104,1891,2011,0.00,0.14,1.66
HOU,2014-8-27,85,75,94,74,94,59,109,1891,2011,0.00,0.14,8.32
HOU,2014-8-28,83,76,90,74,94,63,107,1992,2011,0.00,0.14,3.88
HOU,2014-8-29,83,75,91,74,93,61,107,1992,2011,0.02,0.15,2.89
HOU,2014-8-30,84,75,92,74,93,62,104,1986,2000,0.0,0.15,2.56
HOU,2014-8-31,79,74,84,74,93,62,107,1893,2000,0.83,0.16,5.98
HOU,2014-9-1,84,74,93,74,93,63,107,1915,2000,0.36,0.15,2.22
HOU,2014-9-2,85,76,94,73,93,60,104,1893,2000,0.00,0.14,1.81
HOU,2014-9-3,84,75,93,73,93,60,105,1987,2000,0.00,0.14,3.20
HOU,2014-9-4,85,76,93,73,92,59,109,1974,2000,0.00,0.14,2.75
HOU,2014-9-5,84,75,93,73,92,55,108,1891,2000,0.03,0.14,2.07
HOU,2014-9-6,85,75,95,73,92,56,99,1974,1909,0.16,0.14,2.90
HOU,2014-9-7,84,73,95,72,92,59,98,1891,1963,0.42,0.15,4.55
HOU,2014-9-8,82,72,92,72,92,58,100,1988,1907,0.00,0.15,0.87
HOU,2014-9-9,85,74,95,72,91,59,100,1988,1909,0.00,0.15,4.22
HOU,2014-9-10,87,78,95,72,91,59,99,1988,1993,0.00,0.16,1.82
HOU,2014-9-11,87,76,97,71,91,56,99,1907,1893,0.00,0.15,4.81
HOU,2014-9-12,82,75,89,71,91,56,101,1907,1909,0.02,0.15,2.25
HOU,2014-9-13,72,67,77,71,90,56,102,1907,2011,0.01,0.15,7.73
HOU,2014-9-14,71,65,77,70,90,55,100,1940,2011,0.00,0.15,4.11
HOU,2014-9-15,80,68,92,70,90,55,98,1892,1980,0.0,0.14,3.23
HOU,2014-9-16,83,75,91,70,90,53,98,1979,1995,0.12,0.13,1.72
HOU,2014-9-17,82,75,89,70,89,55,100,2000,1995,0.25,0.13,1.85
HOU,2014-9-18,77,73,81,69,89,54,99,2000,1927,2.31,0.13,2.53
HOU,2014-9-19,79,73,84,69,89,51,97,1981,1995,0.20,0.12,6.92
HOU,2014-9-20,81,73,89,69,89,54,99,1901,1999,0.00,0.13,7.66
HOU,2014-9-21,82,73,91,68,88,53,100,1983,2005,0.00,0.13,3.07
HOU,2014-9-22,83,72,93,68,88,49,100,1983,2005,0.0,0.12,3.14
HOU,2014-9-23,74,64,84,68,88,49,96,1999,1993,0.00,0.13,2.37
HOU,2014-9-24,75,64,85,67,88,48,95,1975,2013,0.00,0.13,2.22
HOU,2014-9-25,74,68,80,67,87,50,99,1994,2005,0.0,0.13,3.05
HOU,2014-9-26,77,68,86,67,87,49,99,2000,2005,0.00,0.13,2.86
HOU,2014-9-27,79,71,86,66,87,45,100,1942,2005,0.0,0.13,3.46
HOU,2014-9-28,81,72,89,66,87,48,98,1909,1998,0.00,0.13,1.25
HOU,2014-9-29,80,70,89,66,86,47,96,1908,2011,0.00,0.12,2.51
HOU,2014-9-30,80,71,89,65,86,47,95,1890,1998,0.0,0.13,2.55
HOU,2014-10-1,83,72,93,65,86,44,99,1984,1900,0.09,0.15,4.62
HOU,2014-10-2,82,71,93,65,86,47,97,1984,1938,0.78,0.16,2.25
HOU,2014-10-3,74,63,84,65,85,45,95,1975,1994,0.32,0.17,3.24
HOU,2014-10-4,68,59,77,64,85,43,95,1975,2002,0.00,0.17,3.60
HOU,2014-10-5,69,53,85,64,85,41,94,1975,2006,0.00,0.17,2.90
HOU,2014-10-6,75,65,84,64,85,44,94,1975,1928,0.69,0.17,4.42
HOU,2014-10-7,78,65,90,63,84,46,95,1889,1956,0.00,0.17,5.76
HOU,2014-10-8,80,69,90,63,84,42,96,1952,1962,0.06,0.17,2.07
HOU,2014-10-9,79,68,90,63,84,40,93,1976,1962,0.00,0.17,3.60
HOU,2014-10-10,83,75,91,63,84,43,95,1908,1962,0.03,0.17,3.50
HOU,2014-10-11,76,66,85,62,83,44,94,1990,1962,0.02,0.18,3.02
HOU,2014-10-12,76,65,87,62,83,42,96,1977,1991,0.35,0.18,3.37
HOU,2014-10-13,72,59,85,62,83,36,94,1977,1991,0.61,0.18,2.55
HOU,2014-10-14,67,54,79,61,83,40,92,1977,1954,0.00,0.19,4.91
HOU,2014-10-15,68,51,84,61,82,40,92,1978,1947,0.00,0.20,4.87
HOU,2014-10-16,72,57,87,61,82,41,92,1893,1989,0.00,0.21,5.17
HOU,2014-10-17,73,60,86,61,82,40,93,1977,1895,0.00,0.20,4.31
HOU,2014-10-18,75,63,86,60,82,39,96,1978,1895,0.50,0.21,4.04
HOU,2014-10-19,72,62,81,60,81,36,94,1989,2004,0.00,0.21,1.23
HOU,2014-10-20,71,59,83,60,81,32,93,1989,2004,0.00,0.20,2.54
HOU,2014-10-21,69,55,82,60,81,33,93,1976,2004,0.00,0.21,2.40
HOU,2014-10-22,72,61,82,59,80,41,91,1898,2004,0.00,0.20,3.70
HOU,2014-10-23,69,58,80,59,80,40,91,1996,1988,0.00,0.20,3.79
HOU,2014-10-24,68,54,82,59,80,39,92,1908,1931,0.00,0.19,2.13
HOU,2014-10-25,70,55,85,59,80,39,91,1980,1950,0.00,0.20,9.25
HOU,2014-10-26,71,56,85,58,79,39,92,1892,2010,0.00,0.20,2.43
HOU,2014-10-27,72,58,86,58,79,36,94,1898,2010,0.00,0.18,2.72
HOU,2014-10-28,73,60,86,58,79,36,90,1898,1991,0.00,0.18,8.04
HOU,2014-10-29,73,61,84,57,78,39,90,1910,1991,0.00,0.18,2.45
HOU,2014-10-30,67,55,79,57,78,33,89,1917,2004,0.00,0.17,5.30
HOU,2014-10-31,67,55,79,57,78,29,88,1993,2004,0.00,0.16,3.84
HOU,2014-11-1,55,45,65,57,77,35,89,1993,2010,0.00,0.15,6.25
HOU,2014-11-2,57,41,72,56,77,34,89,1991,1978,0.00,0.14,4.58
HOU,2014-11-3,67,53,80,56,77,30,87,1999,1992,0.00,0.15,3.09
HOU,2014-11-4,72,62,82,56,76,28,89,1991,1988,0.00,0.16,3.20
HOU,2014-11-5,69,64,74,55,76,31,88,1991,1963,1.12,0.16,5.22
HOU,2014-11-6,62,58,66,55,76,36,88,1993,1963,0.17,0.15,1.67
HOU,2014-11-7,57,49,65,55,75,29,88,1993,2002,0.00,0.15,1.46
HOU,2014-11-8,63,50,75,55,75,34,89,1991,1989,0.0,0.15,1.47
HOU,2014-11-9,60,47,72,54,75,29,88,1991,1969,0.00,0.15,3.08
HOU,2014-11-10,63,45,80,54,74,30,88,1977,1988,0.00,0.15,2.85
HOU,2014-11-11,60,49,71,54,74,32,87,1977,1978,0.01,0.16,1.88
HOU,2014-11-12,51,43,58,53,74,32,85,1987,2003,0.0,0.15,4.68
HOU,2014-11-13,41,36,45,53,73,29,86,1907,2005,0.20,0.14,4.53
HOU,2014-11-14,41,34,47,53,73,28,89,1969,1921,0.00,0.15,1.40
HOU,2014-11-15,48,43,53,52,73,25,88,1969,1978,0.30,0.14,2.80
HOU,2014-11-16,50,42,57,52,72,25,85,1970,1948,0.65,0.14,3.03
HOU,2014-11-17,44,36,52,52,72,31,85,1997,2013,0.00,0.14,5.19
HOU,2014-11-18,44,32,55,51,72,28,84,1959,1973,0.00,0.14,3.36
HOU,2014-11-19,50,30,69,51,71,30,85,2014,1985,0.00,0.14,2.10
HOU,2014-11-20,61,46,76,51,71,27,84,1969,1977,0.04,0.13,1.85
HOU,2014-11-21,64,61,66,50,71,29,84,1937,1999,0.57,0.14,1.54
HOU,2014-11-22,63,58,68,50,70,30,87,1975,1973,0.11,0.13,3.09
HOU,2014-11-23,71,61,80,50,70,24,85,1975,1973,0.23,0.14,3.81
HOU,2014-11-24,56,45,66,49,70,26,84,1970,1910,0.00,0.13,3.35
HOU,2014-11-25,54,41,66,49,69,29,86,1950,1967,0.00,0.14,1.70
HOU,2014-11-26,58,43,73,49,69,27,86,1975,1967,0.00,0.14,3.17
HOU,2014-11-27,55,43,67,49,69,26,84,1975,1989,0.00,0.14,3.12
HOU,2014-11-28,55,39,71,48,68,26,83,1976,1977,0.00,0.14,1.82
HOU,2014-11-29,69,60,78,48,68,22,83,1976,2006,0.00,0.15,3.47
HOU,2014-11-30,71,61,80,48,68,19,82,1976,1950,0.00,0.15,1.41
HOU,2014-12-1,57,45,69,47,67,26,83,1979,2012,0.03,0.15,5.80
HOU,2014-12-2,50,44,56,47,67,28,84,1979,2012,0.00,0.13,3.28
HOU,2014-12-3,59,52,66,47,67,25,85,1929,1995,0.0,0.14,2.50
HOU,2014-12-4,63,53,72,47,67,27,83,1897,2012,0.0,0.13,1.96
HOU,2014-12-5,72,65,79,46,66,26,83,2009,1998,0.07,0.13,2.02
HOU,2014-12-6,65,58,71,46,66,20,82,1950,1951,0.0,0.13,3.08
HOU,2014-12-7,57,54,59,46,66,24,84,1950,1998,0.00,0.13,4.95
HOU,2014-12-8,57,46,67,46,66,25,83,1927,2007,0.00,0.13,1.95
HOU,2014-12-9,57,43,70,45,65,25,82,1917,2007,0.00,0.13,1.69
HOU,2014-12-10,56,42,69,45,65,20,83,1978,1939,0.00,0.12,4.41
HOU,2014-12-11,64,56,72,45,65,26,83,1957,2007,0.02,0.12,2.85
HOU,2014-12-12,66,57,75,45,65,25,82,1989,1948,0.0,0.13,2.57
HOU,2014-12-13,64,54,74,45,65,19,82,1989,1921,0.00,0.12,2.85
HOU,2014-12-14,67,58,76,45,64,25,83,1985,1995,0.0,0.12,5.64
HOU,2014-12-15,70,59,80,44,64,21,82,1901,1995,0.0,0.12,2.19
HOU,2014-12-16,57,48,66,44,64,19,82,1989,1971,0.00,0.12,3.05
HOU,2014-12-17,54,44,64,44,64,20,80,1932,1984,0.0,0.12,2.28
HOU,2014-12-18,64,57,70,44,64,24,82,1996,1980,0.80,0.11,2.14
HOU,2014-12-19,56,52,59,44,64,20,81,1929,1978,3.06,0.12,3.06
HOU,2014-12-20,52,50,54,44,63,21,81,1996,1951,0.00,0.12,2.02
HOU,2014-12-21,55,48,61,44,63,21,82,1973,2010,0.00,0.12,3.41
HOU,2014-12-22,64,55,72,44,63,13,81,1989,1981,0.0,0.11,2.21
HOU,2014-12-23,54,48,60,44,63,7,80,1989,1996,0.69,0.13,1.01
HOU,2014-12-24,46,37,55,43,63,11,82,1989,1948,0.00,0.11,2.04
HOU,2014-12-25,50,34,66,43,63,11,82,1983,1964,0.00,0.12,2.09
HOU,2014-12-26,61,51,71,43,63,18,78,1983,2005,0.04,0.11,2.06
HOU,2014-12-27,60,46,74,43,63,19,81,1892,1971,0.22,0.11,1.38
HOU,2014-12-28,44,41,46,43,63,15,80,1894,1996,0.67,0.11,2.70
HOU,2014-12-29,44,39,48,43,63,15,81,1894,1984,0.00,0.10,2.15
HOU,2014-12-30,46,38,53,43,63,19,83,1983,1974,0.00,0.10,1.36
HOU,2014-12-31,42,37,46,43,63,18,82,1983,1974,0.00,0.10,3.35
HOU,2015-1-1,44,41,47,43,63,18,81,1928,2006,0.15,0.10,3.12
HOU,2015-1-2,51,47,54,43,63,16,81,1928,2000,0.63,0.10,2.26
HOU,2015-1-3,47,41,53,43,62,16,83,1911,1989,0.63,0.10,3.44
HOU,2015-1-4,46,36,56,43,62,18,79,1911,1997,0.00,0.11,2.23
HOU,2015-1-5,43,31,54,43,62,22,80,1972,1998,0.00,0.11,1.39
HOU,2015-1-6,50,34,65,43,62,22,80,1972,1989,0.00,0.11,3.70
HOU,2015-1-7,51,39,62,43,62,19,79,1970,1989,0.00,0.10,2.01
HOU,2015-1-8,35,28,42,43,62,19,79,1996,1957,0.01,0.11,5.89
HOU,2015-1-9,39,37,40,43,63,19,80,1976,1974,0.06,0.10,2.49
HOU,2015-1-10,39,37,41,43,63,18,82,1977,1963,0.08,0.11,1.43
HOU,2015-1-11,44,39,49,43,63,12,81,1982,1995,0.66,0.10,2.78
HOU,2015-1-12,46,43,49,43,63,11,81,1918,2000,0.0,0.11,2.27
HOU,2015-1-13,45,43,46,43,63,17,81,1912,2000,0.05,0.10,1.51
HOU,2015-1-14,42,39,45,43,63,19,82,1982,1971,0.0,0.11,1.45
HOU,2015-1-15,47,39,54,43,63,21,79,1892,1996,0.0,0.11,2.82
HOU,2015-1-16,47,33,61,43,63,22,81,1972,1936,0.00,0.11,2.60
HOU,2015-1-17,53,37,69,43,63,15,80,1930,1974,0.00,0.11,2.39
HOU,2015-1-18,57,43,71,43,63,5,81,1930,2000,0.00,0.12,2.83
HOU,2015-1-19,53,34,72,43,63,10,81,1940,2000,0.00,0.11,2.00
HOU,2015-1-20,61,45,76,43,63,20,81,1985,2012,0.00,0.11,1.83
HOU,2015-1-21,62,57,67,43,63,16,81,1985,1911,0.0,0.11,2.05
HOU,2015-1-22,52,44,60,43,63,15,80,1930,1972,0.87,0.12,2.52
HOU,2015-1-23,42,39,44,43,63,14,83,1940,1972,0.03,0.11,2.62
HOU,2015-1-24,49,35,62,43,63,18,82,1963,1971,0.00,0.11,1.94
HOU,2015-1-25,55,40,70,44,63,19,81,1894,1971,0.00,0.11,2.83
HOU,2015-1-26,56,44,67,44,64,23,84,1943,1975,0.00,0.11,2.58
HOU,2015-1-27,64,47,81,44,64,19,83,1897,1975,0.00,0.11,2.86
HOU,2015-1-28,61,43,79,44,64,19,82,1897,1975,0.00,0.12,0.75
HOU,2015-1-29,62,49,75,44,64,22,82,1897,1975,0.00,0.11,1.93
HOU,2015-1-30,55,45,65,44,64,18,84,1949,1911,0.00,0.12,1.64
HOU,2015-1-31,53,42,63,44,64,14,82,1949,1911,0.0,0.11,2.12
HOU,2015-2-1,63,48,77,44,64,15,82,1951,1989,0.01,0.12,3.69
HOU,2015-2-2,43,36,50,44,64,14,83,1951,1911,0.00,0.11,1.70
HOU,2015-2-3,44,41,46,44,64,23,80,1951,2008,0.17,0.10,1.82
HOU,2015-2-4,52,42,61,45,65,22,81,1996,1957,0.16,0.10,2.19
HOU,2015-2-5,48,41,55,45,65,23,83,1996,1957,0.0,0.10,1.80
HOU,2015-2-6,49,41,56,45,65,24,81,1989,1969,0.00,0.11,1.09
HOU,2015-2-7,53,37,69,45,65,11,80,1895,1957,0.00,0.11,1.46
HOU,2015-2-8,66,54,77,45,65,10,82,1895,1932,0.00,0.11,1.84
HOU,2015-2-9,69,54,83,45,65,15,86,1933,1962,0.00,0.11,2.00
HOU,2015-2-10,59,43,74,46,65,22,85,1973,1957,0.00,0.12,2.22
HOU,2015-2-11,60,44,75,46,66,20,82,1981,1999,0.00,0.11,1.88
HOU,2015-2-12,56,46,66,46,66,6,84,1899,1922,0.00,0.12,2.70
HOU,2015-2-13,53,39,66,46,66,6,83,1899,1962,0.00,0.11,2.99
HOU,2015-2-14,61,43,78,46,66,10,83,1899,1911,0.00,0.11,1.90
HOU,2015-2-15,61,51,71,47,66,18,83,1905,2000,0.02,0.13,2.00
HOU,2015-2-16,53,37,68,47,66,13,82,1895,1927,0.15,0.12,2.05
HOU,2015-2-17,44,34,54,47,67,16,86,1895,1907,0.0,0.12,0.87
HOU,2015-2-18,49,33,64,47,67,19,87,1936,1986,0.00,0.13,2.09
HOU,2015-2-19,51,37,64,47,67,20,88,1900,1986,0.00,0.12,1.30
HOU,2015-2-20,61,52,69,48,67,25,91,1908,1986,0.01,0.12,2.60
HOU,2015-2-21,70,65,75,48,67,24,89,1978,1996,0.0,0.12,1.98
HOU,2015-2-22,63,45,80,48,68,21,90,1978,1996,0.0,0.12,1.96
HOU,2015-2-23,40,34,46,48,68,27,88,1976,1996,0.02,0.11,1.60
HOU,2015-2-24,38,33,43,48,68,26,87,1914,1927,0.0,0.12,1.38
HOU,2015-2-25,42,33,50,49,68,26,85,1974,1918,0.10,0.10,2.10
HOU,2015-2-26,43,31,55,49,69,26,86,1974,1986,0.00,0.12,1.51
HOU,2015-2-27,42,37,46,49,69,22,86,2002,1954,0.00,0.11,1.85
HOU,2015-2-28,47,37,57,49,69,28,90,2002,1940,0.02,0.12,1.44
HOU,2015-3-1,54,49,59,50,69,28,84,1980,1975,0.22,0.11,3.32
HOU,2015-3-2,54,48,60,50,70,22,91,1980,1909,0.01,0.12,1.55
HOU,2015-3-3,68,56,80,50,70,21,86,1943,1893,0.00,0.11,1.03
HOU,2015-3-4,63,43,83,50,70,22,86,2002,1893,0.0,0.12,4.56
HOU,2015-3-5,44,36,51,50,70,25,84,1989,1998,0.15,0.12,2.20
HOU,2015-3-6,44,30,57,51,71,25,86,1989,1991,0.00,0.12,1.44
HOU,2015-3-7,48,35,60,51,71,28,90,1989,1911,0.0,0.12,1.58
HOU,2015-3-8,49,45,53,51,71,27,88,1971,1911,1.49,0.11,2.05
HOU,2015-3-9,58,50,66,51,71,27,88,1932,2000,1.96,0.11,1.96
HOU,2015-3-10,57,53,60,51,72,27,89,1932,1980,0.00,0.11,3.23
HOU,2015-3-11,58,53,62,52,72,27,87,1948,1911,0.12,0.11,2.81
HOU,2015-3-12,59,55,62,52,72,24,89,1948,1904,0.33,0.11,4.28
HOU,2015-3-13,61,55,66,52,72,27,88,1932,1942,0.34,0.10,1.96
HOU,2015-3-14,64,51,77,52,73,29,88,1993,2008,0.00,0.11,1.82
HOU,2015-3-15,64,55,73,52,73,32,89,1999,2008,0.00,0.11,2.06
HOU,2015-3-16,67,57,77,53,73,34,87,1913,1908,0.00,0.11,2.83
HOU,2015-3-17,70,58,82,53,73,30,88,1900,1908,0.00,0.10,2.57
HOU,2015-3-18,74,65,82,53,74,27,90,1892,2013,0.11,0.10,1.60
HOU,2015-3-19,73,66,79,53,74,27,89,1923,1908,0.49,0.09,4.20
HOU,2015-3-20,74,66,82,53,74,24,90,1923,1907,0.02,0.11,7.47
HOU,2015-3-21,65,64,66,54,74,30,87,1996,1907,1.01,0.10,1.38
HOU,2015-3-22,68,60,76,54,75,32,89,1970,1916,0.00,0.12,2.01
HOU,2015-3-23,68,55,80,54,75,35,89,1989,1929,0.00,0.11,2.27
HOU,2015-3-24,67,53,80,54,75,32,87,1897,1907,0.00,0.11,1.46
HOU,2015-3-25,68,56,80,54,75,36,93,2006,1928,0.00,0.12,7.36
HOU,2015-3-26,62,54,69,55,75,30,94,1955,1928,0.09,0.12,2.23
HOU,2015-3-27,62,44,80,55,76,31,89,1955,1935,0.00,0.11,3.00
HOU,2015-3-28,65,47,82,55,76,33,89,1931,1972,0.00,0.11,1.99
HOU,2015-3-29,70,57,82,55,76,35,90,1894,1974,0.00,0.10,1.75
HOU,2015-3-30,72,61,83,55,76,33,96,1987,1946,0.00,0.11,2.90
HOU,2015-3-31,74,64,83,56,77,30,88,1987,1946,0.00,0.10,1.44
HOU,2015-4-1,74,69,79,56,77,39,89,1987,1936,0.01,0.10,2.26
HOU,2015-4-2,77,69,84,56,77,38,89,1996,1939,0.00,0.10,4.75
HOU,2015-4-3,77,71,82,56,77,31,87,1987,2006,0.0,0.10,3.09
HOU,2015-4-4,67,61,73,56,77,34,88,1987,1897,0.00,0.10,3.35
HOU,2015-4-5,62,57,67,57,78,38,91,1973,1982,0.02,0.10,2.61
HOU,2015-4-6,75,67,82,57,78,37,88,1970,1909,0.0,0.10,1.90
HOU,2015-4-7,79,70,87,57,78,32,91,1971,1907,0.00,0.10,2.28
HOU,2015-4-8,78,71,84,57,78,35,92,1971,1986,0.00,0.10,3.26
HOU,2015-4-9,78,70,86,58,78,36,92,1973,1963,0.00,0.10,2.68
HOU,2015-4-10,68,61,74,58,79,31,92,1973,1963,1.74,0.11,2.57
HOU,2015-4-11,70,63,77,58,79,38,89,1989,1934,0.13,0.10,1.67
HOU,2015-4-12,74,68,80,58,79,41,89,1900,1981,0.14,0.10,4.04
HOU,2015-4-13,79,71,86,59,79,39,92,1940,1996,0.32,0.10,6.43
HOU,2015-4-14,70,64,76,59,79,39,89,1980,1996,0.12,0.11,3.52
HOU,2015-4-15,71,60,81,59,80,38,90,1928,1944,0.0,0.10,3.05
HOU,2015-4-16,74,65,82,59,80,38,92,1983,1987,1.66,0.11,4.70
HOU,2015-4-17,74,64,83,60,80,38,92,1999,2006,1.10,0.11,1.90
HOU,2015-4-18,72,66,78,60,80,42,94,1999,1987,0.09,0.11,8.16
HOU,2015-4-19,72,58,86,60,80,40,92,1901,1987,0.54,0.11,2.77
HOU,2015-4-20,67,59,74,61,81,39,93,2013,1987,0.00,0.11,2.70
HOU,2015-4-21,68,56,79,61,81,42,90,1978,1987,0.00,0.12,3.76
HOU,2015-4-22,76,67,84,61,81,43,90,1993,2009,0.00,0.12,1.50
HOU,2015-4-23,79,69,88,61,81,44,91,1998,1999,0.00,0.11,2.40
HOU,2015-4-24,78,71,85,62,81,46,92,1995,1894,0.0,0.12,2.24
HOU,2015-4-25,78,67,88,62,82,41,90,1910,1987,0.21,0.13,2.50
HOU,2015-4-26,76,67,85,62,82,46,91,1978,1988,0.0,0.12,3.52
HOU,2015-4-27,72,66,78,63,82,47,93,1978,1933,0.02,0.13,2.72
HOU,2015-4-28,64,56,71,63,82,47,95,1978,1987,0.0,0.12,3.76
HOU,2015-4-29,65,52,78,63,82,46,92,2008,1987,0.00,0.13,2.86
HOU,2015-4-30,68,53,82,64,83,42,92,1908,1981,0.00,0.14,3.20
HOU,2015-5-1,71,57,84,64,83,45,94,1908,1947,0.00,0.15,4.11
HOU,2015-5-2,70,57,83,64,83,45,96,1976,1964,0.00,0.15,3.48
HOU,2015-5-3,70,57,83,64,83,47,93,1978,1890,0.00,0.16,5.10
HOU,2015-5-4,73,61,84,65,84,42,94,2013,1890,0.00,0.16,1.72
HOU,2015-5-5,73,63,82,65,84,49,94,1970,1906,0.13,0.17,3.60
HOU,2015-5-6,78,73,83,65,84,49,94,2013,1906,0.41,0.17,5.00
HOU,2015-5-7,80,74,85,65,84,47,94,1891,1998,0.0,0.17,2.61
HOU,2015-5-8,81,77,85,66,85,45,96,1892,1967,0.0,0.17,2.34
HOU,2015-5-9,82,76,87,66,85,46,94,1984,1998,0.0,0.17,2.42
HOU,2015-5-10,82,77,87,66,85,51,94,1984,1927,0.03,0.17,5.89
HOU,2015-5-11,75,69,80,67,85,47,94,1981,1890,0.28,0.17,2.16
HOU,2015-5-12,74,69,79,67,85,50,92,1895,1967,0.56,0.16,5.27
HOU,2015-5-13,75,68,81,67,86,50,94,1895,1907,1.55,0.16,3.44
HOU,2015-5-14,80,72,87,67,86,47,93,1971,1995,0.05,0.16,2.44
HOU,2015-5-15,79,73,84,68,86,49,92,1890,2003,0.15,0.18,4.64
HOU,2015-5-16,81,73,89,68,86,47,93,1973,2003,0.00,0.17,2.80
HOU,2015-5-17,78,71,85,68,87,52,95,1970,1894,0.98,0.17,4.20
HOU,2015-5-18,80,73,86,68,87,50,95,1976,1890,0.24,0.15,6.16
HOU,2015-5-19,80,73,86,68,87,50,95,1976,2003,0.02,0.16,6.87
HOU,2015-5-20,81,73,89,69,87,48,95,1894,2008,0.31,0.16,4.17
HOU,2015-5-21,77,71,82,69,88,53,96,1892,2005,1.08,0.15,5.45
HOU,2015-5-22,72,65,79,69,88,48,96,1892,2005,0.00,0.16,3.10
HOU,2015-5-23,79,73,85,69,88,45,95,1892,1996,0.72,0.16,3.99
HOU,2015-5-24,75,69,81,70,88,54,95,1892,1955,0.56,0.16,3.96
HOU,2015-5-25,77,66,88,70,88,56,95,1979,1927,4.34,0.16,4.34
HOU,2015-5-26,76,66,85,70,89,57,98,1979,2011,0.77,0.17,2.91
HOU,2015-5-27,76,65,86,70,89,50,98,1901,1928,1.41,0.17,3.99
HOU,2015-5-28,80,70,90,70,89,54,98,1901,1906,0.00,0.17,2.83
HOU,2015-5-29,80,70,89,71,89,58,99,1984,1996,0.01,0.17,4.33
HOU,2015-5-30,80,69,91,71,89,53,97,1984,1998,0.57,0.17,5.01
HOU,2015-5-31,78,69,87,71,90,50,98,1889,1998,0.00,0.17,3.45
HOU,2015-6-1,78,66,89,71,90,53,98,1984,1998,0.00,0.18,1.32
HOU,2015-6-2,79,68,90,71,90,55,100,1892,2011,0.00,0.17,4.03
HOU,2015-6-3,80,69,91,72,90,52,98,1970,1960,0.00,0.18,3.27
HOU,2015-6-4,80,69,90,72,90,59,98,1970,2011,0.00,0.17,3.72
HOU,2015-6-5,82,72,92,72,90,56,105,1970,2011,0.00,0.18,5.33
HOU,2015-6-6,83,72,93,72,91,57,105,1970,2011,0.00,0.18,2.66
HOU,2015-6-7,83,72,93,72,91,58,99,1970,1903,0.00,0.18,2.29
HOU,2015-6-8,83,72,93,72,91,60,99,1977,1980,0.00,0.19,8.13
HOU,2015-6-9,84,74,93,73,91,56,97,1996,1956,0.00,0.19,2.92
HOU,2015-6-10,84,74,94,73,91,57,100,1955,1902,0.00,0.19,2.92
HOU,2015-6-11,84,73,94,73,91,61,101,1976,1902,0.01,0.21,5.63
HOU,2015-6-12,83,74,92,73,91,55,101,1979,1978,0.0,0.22,3.05
HOU,2015-6-13,80,74,86,73,91,57,101,1979,1911,0.35,0.21,3.58
HOU,2015-6-14,81,74,88,73,91,55,102,1903,1998,0.52,0.21,3.81
HOU,2015-6-15,83,75,90,73,92,55,100,1903,2011,0.14,0.21,5.68
HOU,2015-6-16,78,75,80,74,92,57,100,1989,1963,2.26,0.21,2.71
HOU,2015-6-17,80,76,84,74,92,62,100,1989,1902,0.70,0.21,1.51
HOU,2015-6-18,81,76,86,74,92,64,103,1969,1918,0.0,0.22,3.29
HOU,2015-6-19,83,76,90,74,92,64,101,1912,1934,0.00,0.22,4.43
HOU,2015-6-20,84,77,90,74,92,62,101,1976,1902,0.20,0.21,1.99
HOU,2015-6-21,86,78,93,74,92,59,100,1976,1998,0.00,0.21,2.04
HOU,2015-6-22,84,76,92,74,92,66,101,1912,1933,0.00,0.22,3.13
HOU,2015-6-23,84,76,92,74,92,60,101,1904,2009,0.00,0.20,2.22
HOU,2015-6-24,84,74,93,74,92,61,104,1904,2009,0.00,0.21,4.47
HOU,2015-6-25,85,75,94,75,92,60,102,1974,2009,0.00,0.20,2.82
HOU,2015-6-26,86,77,94,75,92,59,105,1974,2012,0.13,0.19,10.34
HOU,2015-6-27,83,73,93,75,92,57,102,1974,1980,2.38,0.19,2.50
HOU,2015-6-28,82,73,90,75,93,59,102,1974,2009,2.24,0.19,2.98
HOU,2015-6-29,84,76,92,75,93,59,107,1974,2013,0.00,0.19,2.50
HOU,2015-6-30,82,72,92,75,93,61,103,1985,1980,2.26,0.19,2.26
CHI,2014-7-1,76,68,84,67,84,49,103,1982,1956,0.04,0.11,1.23
CHI,2014-7-2,66,58,74,67,84,48,99,1930,1970,0.12,0.10,2.50
CHI,2014-7-3,66,57,75,67,84,50,102,1940,1949,0.05,0.11,1.38
CHI,2014-7-4,70,60,79,67,84,49,101,1940,2012,0.00,0.11,0.94
CHI,2014-7-5,71,63,79,67,84,46,103,1972,2012,0.01,0.13,1.18
CHI,2014-7-6,78,66,89,67,84,49,105,1983,2012,0.00,0.12,3.93
CHI,2014-7-7,81,72,89,67,85,48,102,1983,1936,0.48,0.13,1.30
CHI,2014-7-8,77,70,84,68,85,49,106,1934,1936,0.48,0.13,2.41
CHI,2014-7-9,73,64,81,68,85,51,100,1941,1936,0.00,0.12,2.43
CHI,2014-7-10,71,63,78,68,85,51,106,1941,1936,0.00,0.13,0.98
CHI,2014-7-11,73,63,83,68,85,51,107,1978,1936,0.0,0.13,6.16
CHI,2014-7-12,76,70,81,68,85,55,100,1975,1936,3.31,0.13,6.16
CHI,2014-7-13,79,71,86,68,85,50,106,1940,1995,0.04,0.12,1.49
CHI,2014-7-14,73,64,81,68,85,52,104,1930,1936,0.37,0.13,1.52
CHI,2014-7-15,64,57,71,68,85,49,103,1930,1988,0.05,0.13,1.36
CHI,2014-7-16,65,56,73,68,85,49,100,1945,1931,0.00,0.13,2.48
CHI,2014-7-17,68,58,78,68,85,51,100,1940,1942,0.00,0.12,5.72
CHI,2014-7-18,73,64,81,68,84,53,101,1979,1930,0.00,0.13,2.36
CHI,2014-7-19,71,62,80,68,84,55,104,1947,1930,0.00,0.13,3.69
CHI,2014-7-20,75,66,84,68,84,50,103,1941,1934,0.00,0.13,3.03
CHI,2014-7-21,78,68,87,68,84,51,108,1970,1934,0.00,0.14,1.43
CHI,2014-7-22,82,72,91,68,84,49,104,1947,1934,0.19,0.14,1.82
CHI,2014-7-23,70,64,76,68,84,51,109,1947,1934,0.00,0.14,2.31
CHI,2014-7-24,68,60,75,68,84,55,107,2000,1934,0.00,0.14,4.77
CHI,2014-7-25,69,60,77,68,84,58,105,2013,1934,0.0,0.13,1.83
CHI,2014-7-26,78,70,85,68,84,53,102,1962,1936,0.00,0.14,1.77
CHI,2014-7-27,78,66,89,68,84,51,100,1937,1955,0.04,0.14,4.71
CHI,2014-7-28,68,62,73,68,84,53,100,1981,1983,0.00,0.14,1.25
CHI,2014-7-29,71,60,81,68,84,50,101,1981,1941,0.00,0.14,1.47
CHI,2014-7-30,71,61,80,68,84,51,104,1936,1999,0.00,0.14,2.43
CHI,2014-7-31,74,63,85,67,83,50,99,1936,2006,0.00,0.15,1.20
CHI,2014-8-1,75,67,83,67,83,52,100,1947,1988,0.21,0.15,2.55
CHI,2014-8-2,74,63,84,67,83,56,102,1965,1991,0.00,0.14,3.58
CHI,2014-8-3,77,66,87,67,83,52,101,1950,1930,0.00,0.13,1.95
CHI,2014-8-4,78,68,88,67,83,52,100,1929,1947,1.79,0.14,2.17
CHI,2014-8-5,74,68,80,67,83,52,100,1974,1947,0.07,0.13,1.11
CHI,2014-8-6,73,65,81,67,83,50,101,1948,1947,0.00,0.13,2.17
CHI,2014-8-7,75,69,81,67,83,53,96,1976,1984,0.00,0.14,1.67
CHI,2014-8-8,76,70,82,67,83,52,103,1976,1934,0.00,0.13,2.35
CHI,2014-8-9,74,68,80,67,83,51,104,1972,1934,0.00,0.13,2.13
CHI,2014-8-10,77,71,82,67,83,49,99,1972,1944,0.00,0.13,2.70
CHI,2014-8-11,76,68,84,67,83,50,100,1982,1941,1.16,0.12,2.36
CHI,2014-8-12,67,63,70,67,83,50,100,1930,1995,0.16,0.14,1.18
CHI,2014-8-13,71,59,83,67,83,52,101,1967,1936,0.00,0.13,1.09
CHI,2014-8-14,67,61,73,67,82,48,99,1964,1944,0.00,0.14,1.79
CHI,2014-8-15,67,55,79,67,82,48,98,1929,1944,0.00,0.14,2.07
CHI,2014-8-16,73,64,81,67,82,49,101,1976,1988,0.00,0.13,3.79
CHI,2014-8-17,69,66,72,67,82,48,99,1976,1988,0.00,0.13,2.60
CHI,2014-8-18,76,67,85,66,82,49,99,1963,1936,0.00,0.13,1.80
CHI,2014-8-19,80,73,86,66,82,49,99,1933,1983,0.13,0.12,1.39
CHI,2014-8-20,78,68,87,66,82,47,98,1950,1947,0.00,0.12,1.47
CHI,2014-8-21,77,71,83,66,82,46,99,1950,1955,1.29,0.13,1.58
CHI,2014-8-22,81,74,87,66,82,51,103,1928,1936,3.17,0.12,3.17
CHI,2014-8-23,79,71,87,66,82,52,97,1940,1947,0.50,0.11,2.49
CHI,2014-8-24,81,73,89,65,82,48,100,1942,1947,0.00,0.13,1.20
CHI,2014-8-25,83,73,92,65,81,47,95,1934,1991,0.78,0.11,1.88
CHI,2014-8-26,79,72,86,65,81,48,97,1982,1973,0.00,0.12,3.66
CHI,2014-8-27,76,70,81,65,81,46,97,1982,1973,0.00,0.13,1.57
CHI,2014-8-28,73,69,77,65,81,46,97,1982,1955,0.02,0.12,1.57
CHI,2014-8-29,81,73,88,64,81,43,98,1965,1953,0.00,0.12,2.02
CHI,2014-8-30,80,74,86,64,81,47,96,1946,1953,0.0,0.12,1.43
CHI,2014-8-31,79,71,87,64,80,46,99,1935,1953,0.00,0.13,1.62
CHI,2014-9-1,80,74,85,63,80,45,101,1949,1953,0.0,0.12,2.92
CHI,2014-9-2,77,69,85,63,80,44,101,1946,1953,0.00,0.12,1.37
CHI,2014-9-3,76,67,85,63,80,47,97,1974,1953,0.00,0.11,1.92
CHI,2014-9-4,80,73,87,62,79,43,95,1938,1960,0.22,0.12,3.05
CHI,2014-9-5,78,67,89,62,79,48,97,1988,1954,0.43,0.11,1.89
CHI,2014-9-6,69,62,76,62,79,46,98,1984,1990,0.00,0.12,0.83
CHI,2014-9-7,69,58,79,61,79,46,101,1986,1939,0.00,0.12,3.51
CHI,2014-9-8,70,60,79,61,78,45,98,1986,1933,0.00,0.11,1.37
CHI,2014-9-9,74,66,81,61,78,47,95,1975,1983,0.01,0.11,3.25
CHI,2014-9-10,70,58,82,60,78,44,96,1943,2013,1.61,0.11,1.61
CHI,2014-9-11,55,52,58,60,77,44,95,1943,1952,0.00,0.11,4.16
CHI,2014-9-12,52,46,57,59,77,44,96,1955,1952,0.10,0.11,2.43
CHI,2014-9-13,51,42,60,59,77,40,99,1953,1939,0.01,0.11,3.62
CHI,2014-9-14,57,46,67,58,76,42,101,1949,1939,0.00,0.11,2.19
CHI,2014-9-15,58,54,62,58,76,41,102,1949,1939,0.0,0.11,1.07
CHI,2014-9-16,58,47,69,57,75,39,93,1984,1931,0.00,0.11,1.70
CHI,2014-9-17,61,49,72,57,75,39,93,1937,1955,0.00,0.10,1.20
CHI,2014-9-18,63,53,72,57,75,39,94,1929,1955,0.00,0.11,1.95
CHI,2014-9-19,67,57,76,56,74,37,93,1929,1955,0.00,0.12,0.94
CHI,2014-9-20,72,63,80,56,74,38,92,1956,1931,0.12,0.12,1.12
CHI,2014-9-21,61,52,70,55,73,40,92,1930,1970,0.0,0.11,1.67
CHI,2014-9-22,59,48,69,55,73,34,93,1974,1937,0.00,0.11,1.09
CHI,2014-9-23,63,50,76,54,73,35,93,1974,1937,0.00,0.11,2.09
CHI,2014-9-24,66,54,77,54,72,30,91,1928,2007,0.00,0.11,1.85
CHI,2014-9-25,68,58,78,53,72,30,91,1942,1986,0.00,0.12,2.00
CHI,2014-9-26,70,59,81,53,71,30,93,1928,1998,0.00,0.10,2.72
CHI,2014-9-27,70,61,79,52,71,31,91,1942,1971,0.00,0.10,1.43
CHI,2014-9-28,69,58,79,52,70,29,92,1942,1953,0.00,0.10,3.65
CHI,2014-9-29,71,57,84,52,70,33,99,1942,1953,0.0,0.10,1.13
CHI,2014-9-30,56,51,61,51,69,34,92,1984,1971,0.0,0.09,0.76
CHI,2014-10-1,63,52,73,51,69,32,92,1974,1971,0.0,0.10,0.73
CHI,2014-10-2,71,66,75,50,68,28,91,1974,1971,0.71,0.09,3.80
CHI,2014-10-3,57,46,68,50,68,29,91,1974,1954,1.05,0.10,3.95
CHI,2014-10-4,43,37,49,50,68,34,90,1989,1951,0.05,0.11,1.89
CHI,2014-10-5,49,42,56,49,67,31,89,1980,1997,0.0,0.10,2.01
CHI,2014-10-6,56,48,63,49,67,28,94,1952,1963,0.01,0.10,1.57
CHI,2014-10-7,59,49,69,48,66,31,88,2000,2007,0.00,0.10,1.26
CHI,2014-10-8,58,48,67,48,66,30,88,1952,2007,0.00,0.09,1.32
CHI,2014-10-9,57,50,64,48,66,32,87,1964,2010,0.00,0.11,2.27
CHI,2014-10-10,52,44,59,48,65,27,87,1964,1938,0.00,0.10,3.94
CHI,2014-10-11,50,40,60,47,65,29,88,2009,1928,0.00,0.10,1.47
CHI,2014-10-12,55,45,64,47,64,30,86,1987,2008,0.01,0.10,1.40
CHI,2014-10-13,65,59,71,46,64,30,88,1987,1975,0.44,0.10,2.43
CHI,2014-10-14,61,54,67,46,64,28,89,1937,1975,1.18,0.11,1.18
CHI,2014-10-15,56,53,58,46,63,29,88,1937,1947,0.07,0.10,1.66
CHI,2014-10-16,56,53,58,46,63,30,87,1944,1963,0.0,0.10,0.81
CHI,2014-10-17,56,49,63,45,62,26,86,1948,1950,0.01,0.10,1.48
CHI,2014-10-18,46,39,52,45,62,20,87,1948,1950,0.02,0.11,3.18
CHI,2014-10-19,47,36,57,45,62,24,84,1930,1971,0.00,0.10,1.41
CHI,2014-10-20,58,50,66,44,61,20,86,1930,1953,0.00,0.10,0.86
CHI,2014-10-21,52,49,54,44,61,26,87,1952,1953,0.00,0.11,2.24
CHI,2014-10-22,50,43,56,44,60,24,87,1930,1953,0.00,0.11,1.77
CHI,2014-10-23,52,41,62,44,60,25,85,1981,1963,0.0,0.11,1.48
CHI,2014-10-24,61,54,68,43,60,20,83,1981,1963,0.00,0.10,1.38
CHI,2014-10-25,64,52,75,43,59,25,79,1962,1989,0.00,0.11,1.87
CHI,2014-10-26,55,44,66,43,59,22,84,1942,1963,0.00,0.11,1.49
CHI,2014-10-27,67,54,79,42,58,24,82,1942,1940,0.02,0.11,1.56
CHI,2014-10-28,57,48,66,42,58,25,81,1976,1999,0.03,0.12,0.65
CHI,2014-10-29,45,40,49,42,58,22,79,1980,1999,0.00,0.11,1.02
CHI,2014-10-30,45,37,53,41,57,25,85,1988,1950,0.0,0.12,1.24
CHI,2014-10-31,42,34,49,41,57,27,84,1996,1950,0.04,0.11,2.63
CHI,2014-11-1,39,33,44,41,56,22,81,1930,1950,0.0,0.12,2.45
CHI,2014-11-2,41,29,53,40,56,14,78,1951,1974,0.00,0.11,1.20
CHI,2014-11-3,55,45,64,40,55,11,76,1951,1987,0.00,0.11,1.72
CHI,2014-11-4,53,45,61,40,55,15,74,1951,1981,0.02,0.12,1.83
CHI,2014-11-5,51,39,63,39,54,11,79,1951,1978,0.0,0.12,1.26
CHI,2014-11-6,46,40,52,39,54,19,75,1991,1975,0.0,0.11,1.05
CHI,2014-11-7,41,37,45,38,53,16,74,1991,1945,0.00,0.12,1.17
CHI,2014-11-8,44,39,49,38,53,14,74,1991,1999,0.0,0.11,1.17
CHI,2014-11-9,45,36,53,38,52,16,75,1991,1999,0.00,0.11,2.69
CHI,2014-11-10,55,44,65,37,52,17,71,1933,1999,0.00,0.11,3.49
CHI,2014-11-11,47,33,61,37,51,15,74,1950,1964,0.23,0.11,1.30
CHI,2014-11-12,30,27,33,36,51,10,70,1986,1949,0.0,0.12,0.70
CHI,2014-11-13,29,26,31,36,50,7,74,1986,1989,0.0,0.12,1.09
CHI,2014-11-14,27,24,29,35,50,12,78,1940,1971,0.0,0.12,1.60
CHI,2014-11-15,27,21,33,35,49,8,72,1933,1990,0.0,0.12,0.89
CHI,2014-11-16,29,25,33,34,48,5,73,1933,1952,0.0,0.12,1.29
CHI,2014-11-17,19,13,25,34,48,3,74,1959,1975,0.0,0.11,1.26
CHI,2014-11-18,17,12,21,34,47,12,72,2014,1999,0.0,0.12,2.23
CHI,2014-11-19,26,19,33,33,47,17,77,1951,1930,0.0,0.11,0.74
CHI,2014-11-20,24,17,30,33,46,14,69,1964,1930,0.00,0.11,1.23
CHI,2014-11-21,25,13,36,32,46,7,66,1964,1990,0.0,0.12,1.35
CHI,2014-11-22,44,34,54,32,45,2,67,1929,2010,0.05,0.11,1.30
CHI,2014-11-23,52,50,54,31,45,-1,70,1950,1931,0.62,0.12,1.98
CHI,2014-11-24,39,27,51,31,44,-2,69,1950,1966,0.35,0.12,0.75
CHI,2014-11-25,26,22,30,30,43,0,61,1950,2006,0.0,0.10,0.76
CHI,2014-11-26,27,22,32,30,43,2,68,1930,1990,0.0,0.11,1.20
CHI,2014-11-27,25,19,30,29,42,0,70,1930,1990,0.0,0.11,3.34
CHI,2014-11-28,28,20,36,29,42,-3,69,1930,1998,0.0,0.11,1.56
CHI,2014-11-29,44,33,54,28,41,-1,69,1929,1998,0.00,0.11,1.31
CHI,2014-11-30,43,29,56,28,41,-1,66,1947,1962,0.0,0.11,0.60
CHI,2014-12-1,25,21,29,28,40,5,68,1930,1970,0.0,0.10,1.04
CHI,2014-12-2,28,22,33,27,40,-1,69,1942,1982,0.0,0.10,2.78
CHI,2014-12-3,33,26,39,27,40,-8,72,1940,2012,0.00,0.10,0.68
CHI,2014-12-4,31,25,37,26,39,3,68,1991,1998,0.00,0.09,1.19
CHI,2014-12-5,38,35,41,26,39,7,68,2005,2001,0.00,0.10,0.95
CHI,2014-12-6,39,34,43,26,38,0,65,1972,1951,0.00,0.09,1.38
CHI,2014-12-7,35,30,39,25,38,-2,61,1936,1946,0.00,0.09,1.26
CHI,2014-12-8,37,35,39,25,37,0,64,1958,1946,0.10,0.09,0.77
CHI,2014-12-9,37,33,40,24,37,-8,61,1958,1946,0.02,0.09,1.31
CHI,2014-12-10,34,31,36,24,37,-8,60,1978,1971,0.0,0.10,2.18
CHI,2014-12-11,30,26,34,24,36,-5,61,1972,1949,0.00,0.09,1.73
CHI,2014-12-12,32,25,39,24,36,-7,62,1962,1991,0.0,0.08,1.76
CHI,2014-12-13,43,37,49,23,36,-3,67,2000,1975,0.00,0.08,1.24
CHI,2014-12-14,50,47,53,23,35,-4,66,1985,1975,0.0,0.08,1.00
CHI,2014-12-15,46,43,48,23,35,-8,64,1989,,0.12,0.08,1.14
CHI,2014-12-16,40,32,47,22,35,-12,63,1951,1984,0.02,0.08,0.47
CHI,2014-12-17,29,26,32,22,35,-7,60,1951,1977,0.0,0.08,0.44
CHI,2014-12-18,28,25,31,22,34,-9,59,1983,1939,0.0,0.07,1.06
CHI,2014-12-19,32,29,34,22,34,-12,56,1983,1988,0.0,0.08,0.80
CHI,2014-12-20,34,32,35,21,34,-9,59,1963,1988,0.0,0.08,1.12
CHI,2014-12-21,36,34,38,21,34,-13,62,1989,1967,0.00,0.07,1.81
CHI,2014-12-22,38,31,44,21,33,-12,57,1989,1957,0.28,0.08,0.98
CHI,2014-12-23,46,42,50,21,33,-17,60,1983,1982,0.12,0.08,1.12
CHI,2014-12-24,41,38,43,21,33,-20,59,1983,1982,0.12,0.07,2.61
CHI,2014-12-25,40,35,44,20,33,-13,64,1983,1982,0.00,0.08,1.80
CHI,2014-12-26,45,38,51,20,33,-9,55,1933,1971,0.00,0.07,0.80
CHI,2014-12-27,41,32,50,20,33,-12,61,1933,1982,0.0,0.07,2.05
CHI,2014-12-28,31,26,36,20,32,-3,67,1961,1984,0.00,0.08,1.13
CHI,2014-12-29,30,24,35,20,32,-8,64,1976,1984,0.00,0.07,0.78
CHI,2014-12-30,19,13,24,19,32,-8,60,1983,2002,0.00,0.07,1.69
CHI,2014-12-31,13,6,20,19,32,-10,60,1967,1962,0.00,0.08,1.41
CHI,2015-1-1,25,17,32,19,32,-10,52,1969,2000,0.00,0.08,1.33
CHI,2015-1-2,28,20,36,19,32,-13,61,1979,2000,0.00,0.08,1.22
CHI,2015-1-3,34,31,37,19,32,-12,60,1979,1950,0.55,0.07,0.79
CHI,2015-1-4,21,5,36,19,32,-8,64,1999,1997,0.10,0.08,1.59
CHI,2015-1-5,5,-1,10,19,32,-15,56,1999,1998,0.11,0.08,0.80
CHI,2015-1-6,9,5,12,19,32,-15,60,2014,2008,0.0,0.07,0.75
CHI,2015-1-7,2,-4,8,18,32,-14,65,1942,2008,0.00,0.08,0.69
CHI,2015-1-8,7,-7,20,18,32,-12,63,1942,1965,0.05,0.07,1.48
CHI,2015-1-9,10,3,16,18,31,-17,57,1982,1939,0.0,0.08,0.76
CHI,2015-1-10,13,0,26,18,31,-22,60,1982,1975,0.00,0.07,2.29
CHI,2015-1-11,30,25,34,18,31,-11,54,1977,2013,0.12,0.07,0.34
CHI,2015-1-12,25,19,30,18,31,-9,62,1974,2005,0.03,0.07,2.76
CHI,2015-1-13,18,13,23,18,31,-10,56,1929,1932,0.0,0.07,1.37
CHI,2015-1-14,13,5,21,18,31,-14,56,1979,1952,0.00,0.07,1.00
CHI,2015-1-15,27,17,36,18,31,-19,60,1979,1949,0.00,0.06,0.39
CHI,2015-1-16,29,22,35,18,31,-19,56,1977,1990,0.00,0.07,0.43
CHI,2015-1-17,37,30,44,18,31,-17,58,1982,1952,0.00,0.07,0.68
CHI,2015-1-18,37,31,43,18,31,-20,61,1994,1996,0.00,0.06,1.39
CHI,2015-1-19,35,27,43,18,31,-21,57,1985,1933,0.0,0.07,1.09
CHI,2015-1-20,37,33,40,18,31,-25,53,1985,1954,0.01,0.06,0.99
CHI,2015-1-21,34,31,36,18,31,-17,57,1984,1934,0.0,0.06,0.96
CHI,2015-1-22,32,30,34,18,31,-17,58,1936,1964,0.00,0.06,1.33
CHI,2015-1-23,32,30,34,18,31,-19,59,1936,1967,0.00,0.06,0.73
CHI,2015-1-24,39,32,45,18,31,-16,65,1936,1967,0.00,0.05,0.73
CHI,2015-1-25,32,26,38,18,32,-10,67,1936,1950,0.06,0.06,1.30
CHI,2015-1-26,25,21,29,18,32,-10,62,1936,1944,0.04,0.06,1.66
CHI,2015-1-27,29,24,33,18,32,-10,61,1955,2002,0.0,0.06,0.74
CHI,2015-1-28,30,24,36,18,32,-13,55,1977,1970,0.03,0.05,0.52
CHI,2015-1-29,35,31,39,18,32,-16,61,1966,2013,0.0,0.06,0.99
CHI,2015-1-30,28,23,32,18,32,-15,55,1966,1988,0.0,0.05,1.25
CHI,2015-1-31,31,23,39,19,32,-9,67,1996,1989,0.13,0.06,0.70
CHI,2015-2-1,27,21,33,19,32,-9,56,1951,1968,0.12,0.05,0.95
CHI,2015-2-2,16,9,22,19,32,-15,51,1951,1992,0.0,0.06,1.22
CHI,2015-2-3,19,8,30,19,33,-17,60,1996,1992,0.05,0.06,0.43
CHI,2015-2-4,21,12,30,19,33,-12,54,1996,1993,0.0,0.05,0.69
CHI,2015-2-5,10,3,17,19,33,-17,56,1979,1946,0.00,0.06,0.68
CHI,2015-2-6,24,15,32,20,33,-12,56,1982,1938,0.00,0.05,1.96
CHI,2015-2-7,35,25,44,20,33,-5,59,1972,2009,0.00,0.06,0.67
CHI,2015-2-8,37,31,42,20,34,-12,61,1933,1990,0.0,0.07,0.81
CHI,2015-2-9,29,26,31,20,34,-20,57,1933,1999,0.0,0.06,0.77
CHI,2015-2-10,29,25,33,20,34,-12,62,1982,2009,0.0,0.06,0.98
CHI,2015-2-11,30,21,38,21,35,-8,71,1955,1999,0.0,0.07,0.82
CHI,2015-2-12,16,11,21,21,35,-10,61,1981,1984,0.0,0.07,0.50
CHI,2015-2-13,18,7,29,21,35,-5,63,1988,1938,0.0,0.07,0.78
CHI,2015-2-14,17,4,29,21,35,-5,62,1936,1954,0.0,0.06,0.94
CHI,2015-2-15,9,0,17,22,36,-6,69,1936,1954,0.0,0.07,0.78
CHI,2015-2-16,14,8,19,22,36,-7,53,1958,1981,0.00,0.07,0.75
CHI,2015-2-17,17,11,22,22,36,-10,58,1936,2011,0.0,0.07,0.84
CHI,2015-2-18,6,0,11,23,37,-16,62,1936,1961,0.0,0.07,0.84
CHI,2015-2-19,1,-5,7,23,37,-8,65,1936,1930,0.00,0.07,0.78
CHI,2015-2-20,10,-1,20,23,37,-9,65,1929,1983,0.0,0.08,1.35
CHI,2015-2-21,26,19,33,23,38,-6,66,1963,1930,0.00,0.07,3.25
CHI,2015-2-22,19,7,30,24,38,-7,63,1963,1984,0.00,0.08,1.40
CHI,2015-2-23,8,0,15,24,39,0,66,1939,2000,0.00,0.09,0.90
CHI,2015-2-24,19,6,32,24,39,-5,64,1967,1930,0.0,0.08,1.36
CHI,2015-2-25,22,16,28,25,39,-5,73,1967,2000,0.06,0.09,0.62
CHI,2015-2-26,15,7,22,25,40,-1,64,1963,2000,0.01,0.08,1.76
CHI,2015-2-27,9,0,17,25,40,-6,75,1934,1976,0.00,0.09,0.79
CHI,2015-2-28,12,1,23,26,40,1,59,2015,1965,0.0,0.08,0.77
CHI,2015-3-1,23,18,27,26,41,-5,71,1962,1992,0.01,0.09,1.09
CHI,2015-3-2,25,16,34,26,41,-4,71,1913,1974,0.00,0.08,1.02
CHI,2015-3-3,32,27,37,27,42,-6,80,1873,1974,0.10,0.09,1.21
CHI,2015-3-4,24,14,33,27,42,-4,74,2002,1983,0.00,0.08,1.42
CHI,2015-3-5,14,8,19,27,42,0,76,1978,1983,0.00,0.09,0.99
CHI,2015-3-6,17,6,27,28,43,2,71,1960,1983,0.00,0.08,0.49
CHI,2015-3-7,36,26,46,28,43,-2,79,1943,2000,0.00,0.09,1.27
CHI,2015-3-8,37,31,42,28,44,-7,79,1943,2000,0.0,0.09,2.02
CHI,2015-3-9,40,28,52,29,44,3,69,1932,1974,0.00,0.08,1.41
CHI,2015-3-10,46,38,54,29,44,5,70,2003,1955,0.00,0.08,1.12
CHI,2015-3-11,45,36,54,29,45,3,76,1979,1990,0.00,0.08,0.92
CHI,2015-3-12,46,33,58,30,45,1,81,1948,1990,0.00,0.08,1.30
CHI,2015-3-13,53,41,65,30,46,11,74,1948,2007,0.00,0.08,1.02
CHI,2015-3-14,51,40,62,30,46,8,81,1993,2012,0.00,0.09,1.62
CHI,2015-3-15,49,34,64,31,46,12,81,1979,2012,0.00,0.08,1.66
CHI,2015-3-16,59,44,74,31,47,5,81,1941,2012,0.00,0.09,1.12
CHI,2015-3-17,38,31,44,31,47,0,80,1941,2012,0.00,0.08,1.42
CHI,2015-3-18,40,30,50,32,48,3,81,1941,2012,0.00,0.09,1.04
CHI,2015-3-19,46,41,50,32,48,11,79,1965,2012,0.00,0.09,2.50
CHI,2015-3-20,46,39,52,32,48,8,85,1965,2012,0.00,0.09,0.78
CHI,2015-3-21,43,35,50,33,49,12,86,1951,2012,0.00,0.09,0.93
CHI,2015-3-22,34,30,37,33,49,6,84,1940,2012,0.0,0.09,1.15
CHI,2015-3-23,31,30,32,33,50,6,79,1940,1939,0.15,0.09,0.93
CHI,2015-3-24,33,25,40,34,50,5,79,1974,1939,0.04,0.08,1.26
CHI,2015-3-25,41,38,43,34,50,10,78,1940,2007,0.13,0.09,1.95
CHI,2015-3-26,40,34,46,34,51,11,79,1955,2007,0.0,0.09,1.40
CHI,2015-3-27,30,25,34,35,51,13,82,1965,1945,0.01,0.09,1.06
CHI,2015-3-28,29,21,37,35,52,9,78,1934,1968,0.00,0.10,1.26
CHI,2015-3-29,40,28,51,35,52,17,86,1969,1986,0.04,0.09,1.33
CHI,2015-3-30,51,37,64,36,52,12,83,1969,1986,0.00,0.10,1.36
CHI,2015-3-31,49,41,57,36,53,12,85,,1986,0.00,0.11,2.50
CHI,2015-4-1,58,41,74,36,53,24,82,1954,2010,0.00,0.11,1.58
CHI,2015-4-2,59,50,68,37,54,22,82,1961,1963,0.27,0.12,1.67
CHI,2015-4-3,45,33,57,39,54,19,81,1954,1956,0.0,0.11,1.08
CHI,2015-4-4,46,31,61,38,55,16,80,1975,1929,0.00,0.11,1.90
CHI,2015-4-5,58,47,69,38,55,18,85,1979,1988,0.00,0.11,2.58
CHI,2015-4-6,53,41,64,38,55,16,84,1982,1991,0.07,0.12,0.94
CHI,2015-4-7,45,40,49,39,56,10,83,1982,2001,0.04,0.12,0.78
CHI,2015-4-8,49,43,54,39,56,20,82,1972,2001,0.08,0.12,1.38
CHI,2015-4-9,60,46,74,39,57,21,78,1972,1952,0.95,0.12,1.58
CHI,2015-4-10,54,42,65,40,57,22,91,1989,1930,0.0,0.13,1.15
CHI,2015-4-11,52,39,64,40,57,25,91,1973,1930,0.00,0.12,2.26
CHI,2015-4-12,59,47,71,41,58,21,86,1957,1977,0.00,0.12,1.16
CHI,2015-4-13,61,53,69,41,58,21,83,1950,1941,0.14,0.12,1.84
CHI,2015-4-14,57,46,67,41,59,23,85,1943,2003,0.00,0.12,1.21
CHI,2015-4-15,56,44,67,42,59,21,89,1928,2002,0.00,0.12,1.26
CHI,2015-4-16,56,47,64,42,60,26,88,1962,2002,0.34,0.13,1.33
CHI,2015-4-17,65,49,80,42,60,29,88,1983,1976,0.00,0.12,1.87
CHI,2015-4-18,59,50,68,43,60,25,89,1983,2002,0.00,0.13,3.83
CHI,2015-4-19,60,51,69,43,61,24,86,1983,1985,0.42,0.12,1.52
CHI,2015-4-20,50,43,56,43,61,27,87,1983,1987,0.0,0.12,1.27
CHI,2015-4-21,50,41,58,44,62,28,86,1943,1985,0.00,0.13,1.08
CHI,2015-4-22,43,37,49,44,62,25,91,1936,1980,0.0,0.12,1.50
CHI,2015-4-23,45,34,56,44,62,28,88,1936,1960,0.00,0.12,0.83
CHI,2015-4-24,48,35,60,45,63,29,89,1930,1990,0.29,0.12,2.05
CHI,2015-4-25,45,40,49,45,63,27,89,1934,1990,0.34,0.12,1.62
CHI,2015-4-26,48,39,57,45,64,29,91,1930,1986,0.00,0.13,0.84
CHI,2015-4-27,50,43,56,46,64,28,89,1928,1986,0.00,0.13,2.13
CHI,2015-4-28,49,38,60,46,64,30,84,1950,1951,0.00,0.13,1.63
CHI,2015-4-29,53,42,64,46,65,31,89,1958,1942,0.0,0.13,1.62
CHI,2015-4-30,47,42,52,47,65,31,92,1931,1942,0.00,0.12,2.15
CHI,2015-5-1,53,40,65,47,65,30,90,1943,1951,0.00,0.12,2.05
CHI,2015-5-2,66,53,79,47,66,30,91,1978,1959,0.00,0.12,1.26
CHI,2015-5-3,71,60,82,48,66,32,92,1971,1955,0.20,0.13,0.76
CHI,2015-5-4,66,57,74,48,66,37,82,2005,1999,0.0,0.12,0.93
CHI,2015-5-5,56,51,60,48,67,34,94,1954,1949,0.79,0.13,0.83
CHI,2015-5-6,67,51,82,49,67,34,93,1989,1934,0.00,0.12,1.71
CHI,2015-5-7,72,57,87,49,67,32,89,1974,1936,0.00,0.12,2.01
CHI,2015-5-8,75,66,84,49,68,33,93,1977,2014,0.28,0.12,1.09
CHI,2015-5-9,58,49,67,49,68,31,96,1983,1934,0.38,0.13,2.33
CHI,2015-5-10,53,47,58,50,68,29,91,1966,2011,0.16,0.12,2.84
CHI,2015-5-11,61,50,71,50,69,32,89,1981,1987,0.14,0.13,3.30
CHI,2015-5-12,53,47,58,50,69,28,92,1981,1956,0.0,0.13,1.92
CHI,2015-5-13,49,45,53,51,69,30,90,1938,1982,0.00,0.14,1.46
CHI,2015-5-14,58,46,69,51,70,37,92,1973,1982,0.13,0.13,1.95
CHI,2015-5-15,70,60,79,51,70,34,91,1937,2001,0.03,0.13,0.85
CHI,2015-5-16,75,67,82,52,70,35,94,1940,1962,0.0,0.13,1.38
CHI,2015-5-17,77,69,84,52,71,36,94,1973,1962,0.0,0.13,1.40
CHI,2015-5-18,66,51,81,52,71,34,93,2002,1996,0.00,0.15,0.79
CHI,2015-5-19,49,44,54,52,71,37,95,1937,1934,0.00,0.14,1.54
CHI,2015-5-20,47,43,51,53,72,36,95,1981,1977,0.02,0.14,2.54
CHI,2015-5-21,59,47,70,53,72,34,94,2002,1934,0.0,0.14,1.79
CHI,2015-5-22,59,50,68,53,72,40,93,1929,1977,0.00,0.14,1.11
CHI,2015-5-23,68,53,83,54,72,35,92,1931,1977,0.00,0.14,1.41
CHI,2015-5-24,69,62,76,54,73,36,93,1935,1950,0.44,0.14,1.31
CHI,2015-5-25,75,68,81,54,73,35,90,1934,1950,0.06,0.14,2.65
CHI,2015-5-26,73,69,77,55,73,34,93,1934,1967,0.42,0.14,1.49
CHI,2015-5-27,71,64,77,55,74,35,97,1961,2012,0.06,0.13,1.49
CHI,2015-5-28,72,60,84,55,74,40,94,1930,2012,0.00,0.15,2.20
CHI,2015-5-29,78,71,84,56,74,36,95,1930,1942,0.18,0.14,0.83
CHI,2015-5-30,59,45,73,56,75,36,95,1930,1942,0.79,0.14,1.60
CHI,2015-5-31,51,44,57,57,75,41,102,1928,1934,0.05,0.15,2.97
CHI,2015-6-1,55,48,62,57,75,39,107,2003,1934,0.00,0.15,1.88
CHI,2015-6-2,58,45,71,57,76,44,92,1946,1944,0.00,0.14,2.35
CHI,2015-6-3,67,55,79,58,76,37,98,1945,1934,0.00,0.15,1.15
CHI,2015-6-4,72,62,82,58,76,35,97,1945,1977,0.00,0.15,1.00
CHI,2015-6-5,65,56,73,58,77,37,98,1945,1934,0.00,0.15,0.75
CHI,2015-6-6,64,54,73,59,77,44,97,1998,1971,0.00,0.15,2.73
CHI,2015-6-7,72,60,83,59,77,45,101,1944,1933,0.44,0.15,3.11
CHI,2015-6-8,75,63,86,60,78,45,97,1978,1985,0.10,0.15,2.07
CHI,2015-6-9,74,61,87,60,78,42,96,1977,1968,0.00,0.14,2.58
CHI,2015-6-10,83,71,94,60,78,41,101,1928,1933,0.09,0.14,2.97
CHI,2015-6-11,72,65,79,61,79,41,100,1972,1933,0.20,0.14,2.08
CHI,2015-6-12,66,58,74,61,79,48,97,1985,1956,0.17,0.14,1.33
CHI,2015-6-13,73,58,88,62,79,44,95,1942,1990,0.19,0.15,4.64
CHI,2015-6-14,78,70,85,62,80,40,99,1933,1987,0.98,0.14,2.58
CHI,2015-6-15,77,71,83,62,80,45,95,1933,1994,0.24,0.13,1.93
CHI,2015-6-16,67,60,74,63,80,44,95,1947,1952,0.0,0.14,1.78
CHI,2015-6-17,65,58,72,63,81,42,96,1980,1987,0.33,0.13,3.16
CHI,2015-6-18,71,59,82,63,81,48,98,1930,1954,0.48,0.13,1.12
CHI,2015-6-19,63,57,68,64,81,44,102,1936,1953,0.00,0.14,1.79
CHI,2015-6-20,70,57,82,64,82,45,104,1980,1953,0.22,0.13,2.56
CHI,2015-6-21,79,70,87,64,82,45,101,1940,1988,0.0,0.13,1.53
CHI,2015-6-22,79,72,85,65,82,46,98,1963,1988,0.04,0.14,1.25
CHI,2015-6-23,74,67,81,65,82,46,99,1972,1930,0.00,0.12,2.20
CHI,2015-6-24,73,66,79,65,83,48,99,1936,1937,0.00,0.13,2.31
CHI,2015-6-25,74,65,83,65,83,46,104,1986,1988,0.16,0.12,4.58
CHI,2015-6-26,66,61,70,66,83,52,98,1945,1936,0.70,0.12,2.57
CHI,2015-6-27,68,59,77,66,83,50,102,1981,1933,0.0,0.12,2.88
CHI,2015-6-28,70,58,81,66,83,49,104,1938,1934,0.0,0.12,1.66
CHI,2015-6-29,71,66,75,66,84,50,97,1943,1954,0.03,0.11,1.91
CHI,2015-6-30,71,61,80,66,84,45,101,1943,1931,0.00,0.11,2.59
JAX,2014-7-1,82,72,91,72,91,65,100,1981,1990,0.00,0.21,7.26
JAX,2014-7-2,81,73,89,72,91,65,100,2000,1902,0.00,0.21,2.30
JAX,2014-7-3,84,71,96,72,92,63,99,2000,1970,0.41,0.22,4.87
JAX,2014-7-4,81,70,91,72,92,65,99,2000,1954,0.00,0.21,1.40
JAX,2014-7-5,82,73,90,72,92,66,100,2000,1877,0.01,0.21,1.85
JAX,2014-7-6,79,70,88,72,92,66,100,1986,1969,0.00,0.21,3.49
JAX,2014-7-7,81,70,92,72,92,65,101,1988,1902,0.0,0.21,2.07
JAX,2014-7-8,82,72,91,72,92,61,100,1972,1879,0.00,0.21,3.78
JAX,2014-7-9,83,71,94,72,92,63,101,2006,1941,0.00,0.22,2.07
JAX,2014-7-10,82,73,91,72,92,65,102,2000,1879,0.31,0.21,1.45
JAX,2014-7-11,81,72,89,73,92,65,104,1963,1879,0.27,0.21,3.14
JAX,2014-7-12,76,72,79,73,92,66,102,1890,1879,0.38,0.20,3.97
JAX,2014-7-13,80,71,88,73,92,66,102,1974,1980,0.02,0.21,2.35
JAX,2014-7-14,83,73,92,73,92,63,102,1974,1951,0.00,0.20,2.11
JAX,2014-7-15,82,72,91,73,92,62,102,1974,1981,0.0,0.20,3.16
JAX,2014-7-16,81,72,89,73,92,67,102,2001,1981,0.62,0.20,3.66
JAX,2014-7-17,79,69,89,73,92,64,103,1980,1981,0.00,0.21,2.20
JAX,2014-7-18,79,71,87,73,92,68,100,2011,1887,0.71,0.21,1.10
JAX,2014-7-19,82,74,89,73,92,65,101,2011,2000,0.00,0.22,2.17
JAX,2014-7-20,83,73,92,73,92,68,103,2006,2000,0.0,0.22,3.17
JAX,2014-7-21,81,73,88,73,92,66,102,1929,1942,0.00,0.23,1.80
JAX,2014-7-22,81,72,89,73,92,67,101,1965,1942,0.00,0.22,2.50
JAX,2014-7-23,83,72,93,73,92,64,99,2007,1952,0.00,0.22,3.19
JAX,2014-7-24,83,72,93,73,92,68,100,1977,1952,0.00,0.23,2.32
JAX,2014-7-25,84,74,94,73,92,64,101,1977,1875,0.02,0.22,2.14
JAX,2014-7-26,83,73,92,73,92,67,102,2000,1926,0.0,0.22,2.94
JAX,2014-7-27,86,76,95,73,92,67,100,1978,1872,0.00,0.20,3.01
JAX,2014-7-28,87,78,96,73,92,67,104,1920,1872,0.00,0.20,4.46
JAX,2014-7-29,85,75,94,73,92,69,100,2000,1875,0.00,0.20,2.88
JAX,2014-7-30,81,70,92,73,92,68,102,1894,2010,0.00,0.20,1.74
JAX,2014-7-31,81,69,93,73,92,69,102,1914,1999,0.00,0.21,2.03
JAX,2014-8-1,84,74,93,73,92,68,102,1966,1999,0.00,0.21,3.73
JAX,2014-8-2,82,73,91,73,92,68,101,1997,1999,0.59,0.20,3.38
JAX,2014-8-3,81,73,89,73,92,69,99,1974,1957,0.70,0.21,2.72
JAX,2014-8-4,80,75,85,73,92,68,99,2001,2011,0.01,0.19,4.02
JAX,2014-8-5,83,74,92,73,92,69,99,1989,2011,0.00,0.20,3.23
JAX,2014-8-6,84,74,94,73,92,67,99,1969,1956,0.00,0.19,3.35
JAX,2014-8-7,85,74,95,73,92,66,100,1950,1956,0.00,0.20,3.30
JAX,2014-8-8,84,74,94,73,92,64,98,2002,2007,0.0,0.19,2.66
JAX,2014-8-9,84,73,95,73,92,63,101,2002,1987,0.00,0.20,2.04
JAX,2014-8-10,83,74,92,73,92,66,99,1918,1987,0.0,0.21,1.92
JAX,2014-8-11,82,72,92,73,91,68,98,2002,2011,0.70,0.21,1.46
JAX,2014-8-12,82,75,89,73,91,65,100,1989,1874,0.01,0.20,3.15
JAX,2014-8-13,80,74,86,73,91,64,99,1890,1954,0.08,0.21,2.34
JAX,2014-8-14,82,73,91,73,91,66,97,1890,1938,0.04,0.21,3.62
JAX,2014-8-15,81,73,89,73,91,67,99,1983,1956,0.00,0.21,3.06
JAX,2014-8-16,83,73,93,73,91,67,97,1954,1957,0.00,0.20,3.83
JAX,2014-8-17,83,73,93,73,91,67,99,1993,1954,0.25,0.20,1.40
JAX,2014-8-18,84,74,93,73,91,67,98,1945,1954,0.02,0.21,3.26
JAX,2014-8-19,84,73,94,73,91,64,99,1889,1900,0.0,0.21,3.22
JAX,2014-8-20,84,73,95,73,91,68,101,1960,1900,0.00,0.22,4.44
JAX,2014-8-21,85,73,97,73,91,66,101,1961,1901,0.00,0.22,3.83
JAX,2014-8-22,86,73,99,73,90,64,100,1930,1900,0.00,0.22,6.80
JAX,2014-8-23,87,75,98,73,90,65,98,1886,1966,0.0,0.24,2.51
JAX,2014-8-24,82,73,91,73,90,66,99,1996,1987,0.0,0.25,4.46
JAX,2014-8-25,80,74,86,72,90,65,98,1997,1968,0.49,0.25,3.63
JAX,2014-8-26,78,70,85,72,90,64,98,1997,1872,0.14,0.26,3.74
JAX,2014-8-27,77,66,88,72,90,64,99,1984,2011,0.00,0.26,3.42
JAX,2014-8-28,77,64,90,72,90,64,97,2014,1959,0.00,0.25,7.82
JAX,2014-8-29,80,67,92,72,90,63,99,1984,1990,0.00,0.26,2.73
JAX,2014-8-30,82,72,91,72,90,64,98,1896,1948,0.00,0.25,3.88
JAX,2014-8-31,82,71,93,72,89,64,98,1999,1970,0.00,0.26,2.93
JAX,2014-9-1,84,73,94,72,89,62,98,1999,1912,0.00,0.28,6.40
JAX,2014-9-2,83,73,92,72,89,57,98,1999,1970,0.10,0.29,4.13
JAX,2014-9-3,81,70,91,72,89,64,99,1972,1912,0.00,0.29,1.81
JAX,2014-9-4,79,70,88,72,89,66,97,1972,1951,0.0,0.29,4.08
JAX,2014-9-5,79,70,88,72,89,63,98,1997,1999,1.27,0.29,5.56
JAX,2014-9-6,80,73,86,71,89,61,98,1997,1875,0.58,0.29,5.92
JAX,2014-9-7,76,73,78,71,88,63,96,1997,1951,1.31,0.29,3.85
JAX,2014-9-8,80,71,88,71,88,61,98,2011,1990,1.42,0.28,3.11
JAX,2014-9-9,79,71,86,71,88,62,97,2011,1990,0.55,0.27,6.10
JAX,2014-9-10,80,71,88,71,88,62,97,1956,1945,0.0,0.27,6.01
JAX,2014-9-11,80,70,90,71,88,62,96,1998,1954,0.00,0.27,4.12
JAX,2014-9-12,81,71,90,71,88,61,96,1917,1991,0.00,0.28,5.43
JAX,2014-9-13,82,72,91,70,88,61,97,1917,1991,0.00,0.28,2.96
JAX,2014-9-14,82,72,91,70,87,62,96,1956,1991,0.00,0.29,1.90
JAX,2014-9-15,82,72,92,70,87,62,96,1996,1972,0.12,0.29,3.85
JAX,2014-9-16,77,72,82,70,87,57,97,2001,1990,0.74,0.28,6.61
JAX,2014-9-17,80,71,88,70,87,60,96,2001,1896,0.00,0.28,3.82
JAX,2014-9-18,81,69,92,69,87,58,95,1981,1972,0.00,0.28,3.02
JAX,2014-9-19,77,70,84,69,86,48,96,1981,1942,0.37,0.29,2.84
JAX,2014-9-20,73,68,78,69,86,48,95,1981,1925,0.23,0.28,4.68
JAX,2014-9-21,76,64,87,69,86,49,97,1897,1990,0.00,0.26,5.27
JAX,2014-9-22,76,62,89,68,86,49,96,1897,1990,0.01,0.26,4.24
JAX,2014-9-23,75,69,81,68,86,53,95,1897,1925,0.05,0.26,5.10
JAX,2014-9-24,68,63,72,68,85,53,94,1990,1925,0.00,0.26,4.46
JAX,2014-9-25,71,63,78,68,85,51,94,1990,1961,0.00,0.26,4.04
JAX,2014-9-26,74,66,82,67,85,55,96,1940,1961,0.00,0.25,9.82
JAX,2014-9-27,75,71,79,67,85,54,94,1940,1970,0.00,0.26,5.26
JAX,2014-9-28,80,73,86,67,85,56,96,1909,1900,0.00,0.24,4.80
JAX,2014-9-29,76,72,80,66,84,53,92,1993,1936,3.05,0.24,4.73
JAX,2014-9-30,74,70,77,66,84,50,94,1967,1959,0.00,0.24,3.25
JAX,2014-10-1,76,70,82,66,84,48,94,1920,1958,0.00,0.21,5.14
JAX,2014-10-2,78,70,85,65,84,43,93,1876,1977,0.0,0.20,3.57
JAX,2014-10-3,78,68,88,65,83,45,94,1876,1911,0.61,0.20,7.83
JAX,2014-10-4,68,56,80,65,83,47,94,2011,1990,0.15,0.19,2.24
JAX,2014-10-5,60,47,73,64,83,46,94,1987,1951,0.00,0.18,4.51
JAX,2014-10-6,64,50,78,64,83,49,95,1979,1951,0.00,0.17,3.48
JAX,2014-10-7,72,60,84,64,82,47,95,2010,1951,0.00,0.18,6.14
JAX,2014-10-8,76,63,89,63,82,44,95,1987,1949,0.00,0.17,3.91
JAX,2014-10-9,76,64,88,63,82,46,94,2000,1941,0.00,0.17,1.80
JAX,2014-10-10,76,65,87,63,82,46,93,2000,2009,0.00,0.16,3.56
JAX,2014-10-11,75,62,88,62,82,45,91,1906,1959,0.00,0.16,4.30
JAX,2014-10-12,74,62,86,62,81,46,92,1971,2009,0.00,0.15,2.31
JAX,2014-10-13,76,66,86,62,81,43,89,1977,1986,0.03,0.14,1.82
JAX,2014-10-14,79,70,88,61,81,40,91,1977,1912,1.04,0.12,1.99
JAX,2014-10-15,69,59,78,61,81,40,90,1977,1990,0.04,0.13,2.24
JAX,2014-10-16,66,53,78,61,80,39,90,1978,1925,0.00,0.12,6.47
JAX,2014-10-17,66,52,80,60,80,37,91,1977,1989,0.00,0.11,3.86
JAX,2014-10-18,69,54,84,60,80,36,91,1977,1980,0.00,0.11,7.47
JAX,2014-10-19,67,57,76,59,80,43,91,1981,1980,0.00,0.10,9.21
JAX,2014-10-20,69,56,82,59,80,40,89,1981,2006,0.00,0.09,3.87
JAX,2014-10-21,71,59,83,59,79,36,89,1989,1993,0.00,0.09,3.18
JAX,2014-10-22,63,52,74,58,79,39,92,1976,2006,0.00,0.09,5.26
JAX,2014-10-23,61,49,73,58,79,40,88,1976,2007,0.00,0.08,3.60
JAX,2014-10-24,61,46,75,58,79,37,87,2006,1949,0.00,0.09,4.69
JAX,2014-10-25,62,47,77,57,78,38,89,2006,2010,0.00,0.08,4.76
JAX,2014-10-26,65,47,83,57,78,38,89,1980,2010,0.00,0.07,1.79
JAX,2014-10-27,71,54,87,57,78,40,90,1926,2010,0.00,0.07,2.64
JAX,2014-10-28,70,55,84,56,78,37,89,2008,2010,0.00,0.08,1.93
JAX,2014-10-29,72,58,85,56,78,33,87,2008,1984,0.00,0.07,1.76
JAX,2014-10-30,70,59,81,56,77,37,86,1910,1951,0.00,0.08,3.97
JAX,2014-10-31,63,50,75,55,77,38,86,1993,1896,0.00,0.07,2.84
JAX,2014-11-1,50,42,57,55,77,33,88,1993,1961,0.00,0.07,2.75
JAX,2014-11-2,50,37,62,55,77,35,87,1993,1961,0.00,0.08,1.37
JAX,2014-11-3,52,36,68,54,76,30,86,1954,2004,0.00,0.07,2.50
JAX,2014-11-4,61,47,74,54,76,31,87,1966,1992,0.00,0.08,2.68
JAX,2014-11-5,67,56,78,54,76,35,87,1976,2003,0.0,0.07,1.51
JAX,2014-11-6,69,56,82,53,76,32,86,1976,2003,0.00,0.08,1.92
JAX,2014-11-7,55,43,67,53,76,36,87,1976,1986,0.00,0.07,1.64
JAX,2014-11-8,56,41,70,53,75,30,85,1976,1986,0.0,0.08,1.86
JAX,2014-11-9,62,54,70,53,75,25,88,1976,1986,0.0,0.08,1.28
JAX,2014-11-10,59,52,65,52,75,33,84,1976,1948,0.00,0.07,2.29
JAX,2014-11-11,66,52,80,52,75,35,87,1977,1986,0.00,0.07,2.79
JAX,2014-11-12,61,45,77,52,74,31,87,2011,1986,0.00,0.07,1.30
JAX,2014-11-13,64,55,73,52,74,31,86,1987,1889,0.00,0.07,0.86
JAX,2014-11-14,53,44,61,51,74,31,84,1984,2008,0.00,0.07,2.21
JAX,2014-11-15,50,40,60,51,74,29,85,1969,1958,0.00,0.07,1.50
JAX,2014-11-16,62,47,77,51,73,25,85,1940,2011,0.00,0.07,2.10
JAX,2014-11-17,67,52,81,50,73,29,85,1970,1957,0.95,0.06,1.28
JAX,2014-11-18,43,33,52,50,73,32,85,2008,1938,0.0,0.07,1.26
JAX,2014-11-19,40,27,53,50,73,27,84,2014,1948,0.00,0.07,1.21
JAX,2014-11-20,45,24,65,50,73,24,86,2014,1988,0.00,0.06,2.17
JAX,2014-11-21,51,33,68,49,72,26,84,1937,1962,0.00,0.06,1.16
JAX,2014-11-22,62,51,72,49,72,25,84,2000,1948,0.0,0.06,2.08
JAX,2014-11-23,73,68,78,49,72,28,84,2000,1992,1.11,0.06,2.01
JAX,2014-11-24,78,70,86,49,72,25,86,1970,2014,0.00,0.06,1.21
JAX,2014-11-25,66,61,71,48,71,21,85,1970,1992,1.69,0.07,1.69
JAX,2014-11-26,52,41,63,48,71,27,84,1950,1946,0.21,0.06,1.48
JAX,2014-11-27,51,40,61,48,71,30,83,1903,1973,0.00,0.07,0.94
JAX,2014-11-28,44,35,53,48,70,26,85,1903,1948,0.00,0.08,3.61
JAX,2014-11-29,51,34,68,47,70,30,85,1959,1978,0.00,0.08,2.24
JAX,2014-11-30,58,41,74,47,70,26,84,1959,1982,0.00,0.08,1.81
JAX,2014-12-1,63,49,77,47,70,28,84,1979,1981,0.00,0.08,3.43
JAX,2014-12-2,66,52,79,47,69,25,84,1876,1991,0.00,0.09,1.12
JAX,2014-12-3,66,56,76,47,69,24,83,1876,1991,0.00,0.09,2.70
JAX,2014-12-4,65,54,76,46,69,25,84,1876,1994,0.00,0.09,3.81
JAX,2014-12-5,63,60,65,46,69,25,83,1876,2013,0.00,0.09,1.28
JAX,2014-12-6,70,60,79,46,69,26,83,1876,2013,0.00,0.09,1.38
JAX,2014-12-7,59,54,63,46,68,21,83,1937,2013,0.01,0.09,2.03
JAX,2014-12-8,53,49,56,45,68,24,83,2010,1978,0.00,0.08,1.80
JAX,2014-12-9,50,40,60,45,68,28,84,1984,2004,0.00,0.09,3.29
JAX,2014-12-10,48,36,59,45,68,25,82,1974,1961,0.00,0.08,2.86
JAX,2014-12-11,47,34,59,45,67,23,83,1981,1961,0.00,0.09,1.34
JAX,2014-12-12,50,35,64,45,67,22,83,1962,1961,0.00,0.09,2.72
JAX,2014-12-13,50,31,68,44,67,12,83,1962,1956,0.00,0.09,2.86
JAX,2014-12-14,51,31,71,44,67,20,82,2010,1956,0.00,0.08,2.07
JAX,2014-12-15,52,34,70,44,67,21,84,2010,2009,0.00,0.09,1.59
JAX,2014-12-16,55,34,76,44,66,26,83,1968,1956,0.00,0.09,1.86
JAX,2014-12-17,53,40,66,44,66,26,81,1943,1961,0.00,0.09,3.96
JAX,2014-12-18,52,39,64,43,66,25,81,1988,1961,0.00,0.10,1.54
JAX,2014-12-19,56,41,70,43,66,23,83,1975,1967,0.0,0.10,2.14
JAX,2014-12-20,60,51,69,43,66,19,82,1981,1990,0.0,0.10,2.86
JAX,2014-12-21,57,56,58,43,66,20,83,1901,2013,0.16,0.10,4.69
JAX,2014-12-22,63,56,70,43,65,25,84,1973,2013,2.59,0.10,2.89
JAX,2014-12-23,68,62,74,43,65,24,84,1989,1956,0.74,0.09,1.41
JAX,2014-12-24,72,64,79,42,65,18,81,1983,1981,0.22,0.10,1.65
JAX,2014-12-25,53,42,64,42,65,11,81,1983,1984,0.00,0.09,2.72
JAX,2014-12-26,53,38,67,42,65,13,83,1983,1987,0.00,0.10,1.59
JAX,2014-12-27,62,49,74,42,65,23,81,1935,2008,0.00,0.08,1.63
JAX,2014-12-28,68,54,82,42,65,20,83,2010,1971,0.00,0.09,2.61
JAX,2014-12-29,69,58,79,42,65,14,82,1894,1990,0.02,0.08,2.06
JAX,2014-12-30,64,56,71,42,65,19,83,1909,1990,0.0,0.09,1.12
JAX,2014-12-31,53,49,57,42,65,19,82,1917,1973,0.00,0.09,1.83
JAX,2015-1-1,55,48,61,41,65,21,81,1918,1967,0.0,0.09,1.20
JAX,2015-1-2,53,48,57,42,65,21,82,1928,1988,0.00,0.09,1.83
JAX,2015-1-3,71,60,81,41,64,19,81,1979,2015,0.0,0.09,1.97
JAX,2015-1-4,72,65,79,41,64,22,82,1887,1973,0.27,0.09,1.74
JAX,2015-1-5,56,45,66,41,64,23,81,1999,1972,0.00,0.09,2.40
JAX,2015-1-6,56,40,71,41,64,21,83,1999,2007,0.00,0.09,1.97
JAX,2015-1-7,52,39,65,41,64,21,82,1924,2007,0.00,0.10,2.96
JAX,2015-1-8,34,27,40,41,64,21,82,1970,2005,0.0,0.09,3.09
JAX,2015-1-9,45,35,55,41,64,19,83,1970,1974,0.00,0.11,2.10
JAX,2015-1-10,47,38,56,41,64,21,82,1970,1957,0.00,0.10,2.11
JAX,2015-1-11,56,48,63,41,64,17,83,1982,1972,0.07,0.11,2.69
JAX,2015-1-12,62,57,66,41,64,15,82,1886,1949,1.07,0.11,2.68
JAX,2015-1-13,58,52,64,41,64,13,82,1981,1972,0.0,0.11,2.23
JAX,2015-1-14,50,47,53,41,65,23,81,1964,1888,0.00,0.11,2.35
JAX,2015-1-15,45,42,48,41,65,22,83,1979,1989,0.19,0.11,0.89
JAX,2015-1-16,49,38,60,41,65,22,84,1927,1947,0.0,0.10,1.67
JAX,2015-1-17,51,35,66,41,65,21,84,1977,1943,0.00,0.11,2.43
JAX,2015-1-18,56,42,69,41,65,21,83,1977,1937,0.00,0.11,0.62
JAX,2015-1-19,51,33,68,41,65,19,83,1977,1937,0.00,0.11,2.90
JAX,2015-1-20,54,36,71,41,65,19,83,1985,1990,0.00,0.11,1.61
JAX,2015-1-21,62,48,75,41,65,7,83,1985,1921,0.0,0.12,1.71
JAX,2015-1-22,59,45,72,42,65,16,82,1985,1999,0.00,0.12,1.21
JAX,2015-1-23,60,52,67,42,65,25,82,1960,1974,1.34,0.11,2.33
JAX,2015-1-24,55,40,69,42,65,19,83,2003,1937,0.12,0.12,2.18
JAX,2015-1-25,49,35,63,42,65,20,83,2003,1990,0.00,0.12,2.64
JAX,2015-1-26,52,44,60,42,65,17,82,1905,1950,0.02,0.12,2.31
JAX,2015-1-27,50,36,63,42,66,17,84,1940,1962,0.00,0.11,1.11
JAX,2015-1-28,45,34,55,42,66,16,83,1986,1957,0.00,0.12,2.06
JAX,2015-1-29,49,31,67,42,66,22,84,1897,1957,0.00,0.11,1.63
JAX,2015-1-30,55,42,67,42,66,20,85,1966,2013,0.00,0.12,1.14
JAX,2015-1-31,48,36,60,42,66,20,84,1966,1982,0.00,0.11,3.43
JAX,2015-2-1,56,38,74,43,66,24,83,1977,1957,0.00,0.11,2.82
JAX,2015-2-2,55,41,68,43,66,23,84,1979,1990,0.32,0.11,3.68
JAX,2015-2-3,44,31,56,43,66,16,86,1917,1990,0.00,0.11,4.93
JAX,2015-2-4,51,45,56,43,67,23,84,1981,1957,0.42,0.11,0.99
JAX,2015-2-5,53,42,64,43,67,19,87,1996,1957,0.87,0.10,2.00
JAX,2015-2-6,47,37,57,43,67,23,85,2009,1989,0.00,0.11,3.06
JAX,2015-2-7,50,34,66,43,67,25,80,1988,1904,0.00,0.10,1.89
JAX,2015-2-8,57,40,73,44,67,14,84,1895,1957,0.00,0.11,2.49
JAX,2015-2-9,55,42,68,44,67,19,88,1895,1937,0.13,0.11,1.64
JAX,2015-2-10,53,45,60,44,67,26,84,1979,1957,0.00,0.10,1.22
JAX,2015-2-11,52,40,64,44,68,24,84,1971,1939,0.00,0.11,1.80
JAX,2015-2-12,56,41,70,44,68,24,83,2012,1965,0.00,0.11,1.64
JAX,2015-2-13,42,32,51,44,68,10,85,1899,1959,0.00,0.10,1.86
JAX,2015-2-14,46,29,62,45,68,16,86,1899,1959,0.00,0.11,2.66
JAX,2015-2-15,53,42,63,45,68,23,83,1943,2001,0.00,0.11,2.65
JAX,2015-2-16,59,43,74,45,68,25,86,1991,1990,0.00,0.12,2.46
JAX,2015-2-17,56,45,66,45,69,23,83,2007,1956,0.62,0.12,2.44
JAX,2015-2-18,46,35,57,45,69,18,85,1900,1956,0.00,0.12,2.07
JAX,2015-2-19,35,27,42,45,69,24,86,1958,1891,0.00,0.12,2.66
JAX,2015-2-20,36,24,47,46,69,24,86,2015,1961,0.00,0.12,3.19
JAX,2015-2-21,50,30,70,46,69,25,85,1958,1997,0.00,0.12,1.77
JAX,2015-2-22,65,50,79,46,70,29,85,1958,1961,0.00,0.13,2.53
JAX,2015-2-23,65,53,76,46,70,25,85,1978,1962,0.00,0.12,1.59
JAX,2015-2-24,51,49,53,46,70,27,88,1989,1962,0.32,0.12,1.47
JAX,2015-2-25,56,47,65,47,70,24,85,1989,2001,0.0,0.13,3.20
JAX,2015-2-26,57,47,67,47,70,22,88,1967,1962,0.62,0.12,1.19
JAX,2015-2-27,49,44,53,47,70,25,86,1974,1962,0.00,0.12,3.28
JAX,2015-2-28,51,48,54,47,71,25,87,2002,1962,0.02,0.12,1.98
JAX,2015-3-1,56,49,63,47,71,28,87,2002,1997,0.20,0.14,4.36
JAX,2015-3-2,67,53,81,47,71,27,86,1890,1997,0.00,0.13,3.30
JAX,2015-3-3,69,57,81,48,71,23,88,1980,2012,0.00,0.15,2.38
JAX,2015-3-4,74,62,85,48,71,24,86,1980,1953,0.00,0.14,1.31
JAX,2015-3-5,72,58,85,48,72,28,87,1971,1985,0.15,0.14,3.00
JAX,2015-3-6,55,45,64,48,72,28,88,1960,1961,0.0,0.15,1.60
JAX,2015-3-7,50,39,61,48,72,29,87,1899,1956,0.00,0.14,2.71
JAX,2015-3-8,54,38,70,48,72,26,88,1899,1945,0.00,0.13,0.93
JAX,2015-3-9,61,45,77,49,72,27,88,1996,1974,0.00,0.13,4.87
JAX,2015-3-10,69,52,86,49,73,26,91,1932,1974,0.00,0.13,1.69
JAX,2015-3-11,75,64,86,49,73,31,89,1934,1967,0.0,0.13,2.66
JAX,2015-3-12,65,54,76,49,73,32,91,2011,1967,0.00,0.13,1.41
JAX,2015-3-13,72,64,80,49,73,32,88,1998,1982,0.01,0.14,1.74
JAX,2015-3-14,77,66,87,49,73,28,89,1926,1956,0.0,0.12,1.40
JAX,2015-3-15,72,61,83,50,74,27,90,1993,1967,0.00,0.13,2.63
JAX,2015-3-16,68,51,84,50,74,30,89,1988,1945,0.00,0.13,2.35
JAX,2015-3-17,71,54,88,50,74,30,88,1890,2002,0.00,0.12,2.63
JAX,2015-3-18,67,59,74,50,74,32,89,1971,1963,0.00,0.13,3.02
JAX,2015-3-19,69,59,78,50,74,29,89,1892,1955,0.01,0.12,1.51
JAX,2015-3-20,70,61,79,50,75,34,89,1923,1945,0.00,0.12,3.04
JAX,2015-3-21,73,64,82,51,75,30,90,1971,1907,0.53,0.12,0.95
JAX,2015-3-22,70,62,77,51,75,31,90,1876,1935,0.08,0.11,1.77
JAX,2015-3-23,63,59,67,51,75,33,91,1986,1935,0.47,0.11,2.34
JAX,2015-3-24,62,57,66,51,75,35,91,1968,1907,0.03,0.11,3.31
JAX,2015-3-25,67,59,75,51,75,34,90,2008,1954,0.00,0.12,2.34
JAX,2015-3-26,68,58,77,51,76,32,88,1979,1949,0.53,0.12,1.65
JAX,2015-3-27,64,51,76,51,76,32,89,1894,1991,0.28,0.13,3.91
JAX,2015-3-28,53,42,63,52,76,35,89,2013,1994,0.00,0.12,7.12
JAX,2015-3-29,51,39,62,52,76,34,89,1955,1991,0.00,0.12,1.92
JAX,2015-3-30,59,40,78,52,76,36,89,1964,1961,0.00,0.12,1.43
JAX,2015-3-31,68,55,81,52,76,32,88,1964,1954,0.00,0.12,4.31
JAX,2015-4-1,71,58,84,52,77,34,89,1987,1974,0.05,0.11,2.24
JAX,2015-4-2,68,54,81,52,77,36,90,1987,2012,0.00,0.10,3.24
JAX,2015-4-3,73,59,87,52,77,39,89,1962,2012,0.00,0.11,7.35
JAX,2015-4-4,71,59,83,53,77,38,90,1992,1974,0.12,0.10,1.24
JAX,2015-4-5,68,60,75,53,77,35,89,1975,1880,0.00,0.10,2.46
JAX,2015-4-6,70,60,80,53,77,34,90,1891,1947,0.00,0.09,1.80
JAX,2015-4-7,73,60,86,53,78,38,92,1974,1967,0.46,0.10,1.82
JAX,2015-4-8,75,63,86,53,78,31,91,2007,1978,0.00,0.10,1.92
JAX,2015-4-9,74,62,85,53,78,37,92,2000,2011,0.00,0.10,1.75
JAX,2015-4-10,77,65,89,54,78,37,92,2000,2011,0.00,0.10,3.83
JAX,2015-4-11,74,65,82,54,78,37,91,1996,2011,0.00,0.09,2.80
JAX,2015-4-12,75,69,81,54,79,41,92,1989,1965,0.48,0.10,1.70
JAX,2015-4-13,76,69,83,54,79,35,92,1940,2001,0.22,0.09,1.68
JAX,2015-4-14,78,67,88,54,79,40,90,1907,1922,0.0,0.10,2.42
JAX,2015-4-15,76,67,85,54,79,39,90,2004,1972,0.11,0.08,2.08
JAX,2015-4-16,67,64,70,55,79,40,90,2008,1972,0.0,0.09,0.91
JAX,2015-4-17,70,62,78,55,79,38,93,1950,1967,0.00,0.09,1.00
JAX,2015-4-18,75,63,87,55,80,37,94,2001,1967,0.27,0.08,2.60
JAX,2015-4-19,77,68,86,55,80,36,92,2001,1968,0.00,0.09,4.53
JAX,2015-4-20,70,63,77,55,80,40,92,1983,1968,0.04,0.09,2.46
JAX,2015-4-21,72,62,81,56,80,38,95,1983,1968,0.00,0.08,2.29
JAX,2015-4-22,70,54,85,56,80,42,93,1950,1968,0.00,0.08,1.21
JAX,2015-4-23,74,60,88,56,81,37,92,1993,1970,0.00,0.08,2.40
JAX,2015-4-24,68,61,75,56,81,39,93,1986,1958,0.00,0.07,1.04
JAX,2015-4-25,70,60,79,57,81,40,92,2005,1958,0.91,0.07,1.89
JAX,2015-4-26,80,70,90,57,81,40,92,1974,2011,0.00,0.07,0.86
JAX,2015-4-27,71,65,76,57,82,42,94,1977,1986,0.00,0.07,1.81
JAX,2015-4-28,68,65,71,57,82,43,94,1977,1991,0.01,0.07,2.65
JAX,2015-4-29,71,62,79,58,82,43,93,1973,1991,0.00,0.07,1.50
JAX,2015-4-30,68,57,79,58,82,42,93,1874,1991,0.00,0.07,2.39
JAX,2015-5-1,66,53,78,58,82,47,96,2000,1990,0.00,0.06,1.99
JAX,2015-5-2,63,49,77,59,83,47,95,1941,1990,0.00,0.06,2.28
JAX,2015-5-3,66,51,81,59,83,47,94,1981,2002,0.00,0.06,2.17
JAX,2015-5-4,67,54,80,59,83,45,93,1971,2006,0.00,0.06,4.21
JAX,2015-5-5,70,59,80,59,83,46,94,1976,1898,0.00,0.07,0.95
JAX,2015-5-6,71,61,80,60,84,45,96,1973,2012,0.0,0.07,1.64
JAX,2015-5-7,73,59,86,60,84,49,94,1992,1977,0.0,0.07,3.79
JAX,2015-5-8,76,64,87,60,84,45,96,1992,1955,0.0,0.07,1.29
JAX,2015-5-9,76,62,89,61,84,48,96,1928,1962,0.00,0.07,1.24
JAX,2015-5-10,78,63,92,61,84,49,93,1984,1899,0.00,0.07,1.18
JAX,2015-5-11,80,67,92,61,85,47,95,1986,1973,0.00,0.07,2.42
JAX,2015-5-12,80,67,92,62,85,47,97,1981,1967,0.00,0.07,1.90
JAX,2015-5-13,80,67,92,62,85,47,100,1941,1967,0.00,0.06,8.18
JAX,2015-5-14,76,67,85,62,85,47,99,2013,1967,0.00,0.07,2.02
JAX,2015-5-15,76,70,81,62,85,52,97,2002,1967,0.00,0.07,2.18
JAX,2015-5-16,71,60,82,63,86,52,96,1951,1995,0.00,0.06,0.63
JAX,2015-5-17,75,63,86,63,86,46,96,1973,1995,0.00,0.07,1.36
JAX,2015-5-18,76,65,87,63,86,46,96,2011,1899,0.00,0.07,4.94
JAX,2015-5-19,81,69,93,64,86,51,97,1977,1960,0.14,0.07,2.14
JAX,2015-5-20,80,67,92,64,86,46,99,1894,1962,0.00,0.07,5.07
JAX,2015-5-21,82,69,94,64,87,50,99,2002,1938,0.00,0.09,2.61
JAX,2015-5-22,75,64,86,65,87,47,99,1981,1938,0.00,0.09,7.59
JAX,2015-5-23,73,63,83,65,87,48,97,1993,1953,0.00,0.09,2.87
JAX,2015-5-24,77,70,84,65,87,52,98,2001,1953,0.0,0.10,4.09
JAX,2015-5-25,79,70,87,66,87,55,99,1892,1953,0.0,0.10,2.74
JAX,2015-5-26,80,71,88,66,87,47,99,1979,1953,0.00,0.10,2.40
JAX,2015-5-27,78,69,86,66,88,49,98,1979,1962,0.00,0.11,5.40
JAX,2015-5-28,73,62,84,66,88,52,99,1988,1967,0.00,0.10,4.47
JAX,2015-5-29,74,62,85,67,88,53,97,1988,1967,0.00,0.11,2.83
JAX,2015-5-30,73,65,81,67,88,51,97,1971,1945,0.94,0.12,1.82
JAX,2015-5-31,77,67,86,67,88,50,98,1984,1945,0.0,0.13,3.38
JAX,2015-6-1,78,66,89,67,88,47,99,1984,1945,0.72,0.16,2.80
JAX,2015-6-2,75,64,85,68,88,53,100,1984,1985,0.03,0.17,3.13
JAX,2015-6-3,78,68,88,68,89,57,100,1966,1985,0.24,0.17,5.31
JAX,2015-6-4,77,67,86,68,89,61,100,1966,1985,0.0,0.17,5.85
JAX,2015-6-5,77,67,86,68,89,59,100,1972,1943,0.02,0.17,3.31
JAX,2015-6-6,78,66,89,69,89,60,99,1971,1985,0.00,0.18,5.92
JAX,2015-6-7,77,66,87,69,89,59,100,2006,1993,0.00,0.19,4.72
JAX,2015-6-8,79,68,89,69,89,58,99,1998,1993,0.00,0.19,3.42
JAX,2015-6-9,82,73,91,69,89,58,101,1987,1872,0.00,0.20,2.36
JAX,2015-6-10,78,70,86,69,89,58,100,1913,1954,0.92,0.20,5.11
JAX,2015-6-11,78,67,89,70,90,57,99,1960,2010,0.00,0.21,3.44
JAX,2015-6-12,80,68,92,70,90,54,99,1913,1998,0.0,0.22,3.38
JAX,2015-6-13,82,71,93,70,90,57,100,1979,1977,0.00,0.23,6.07
JAX,2015-6-14,81,68,94,70,90,57,101,1972,1998,0.00,0.23,4.15
JAX,2015-6-15,81,68,94,70,90,57,102,1995,1981,0.00,0.23,3.60
JAX,2015-6-16,83,69,96,70,90,62,102,2002,1981,0.00,0.24,2.45
JAX,2015-6-17,85,72,97,70,90,61,100,1961,1944,0.00,0.24,2.49
JAX,2015-6-18,85,72,97,71,90,59,100,2012,1950,0.00,0.24,2.78
JAX,2015-6-19,86,73,98,71,90,60,103,1899,1998,0.71,0.24,4.37
JAX,2015-6-20,86,74,97,71,90,60,100,1899,1990,0.0,0.23,2.15
JAX,2015-6-21,86,76,96,71,91,60,99,1965,1950,0.06,0.23,2.85
JAX,2015-6-22,84,70,97,71,91,62,99,1965,1970,1.70,0.24,2.11
JAX,2015-6-23,81,71,91,71,91,63,99,1879,1981,0.25,0.23,2.27
JAX,2015-6-24,85,74,95,71,91,63,101,2003,1914,0.00,0.23,4.60
JAX,2015-6-25,81,73,89,71,91,64,99,1889,1950,1.16,0.23,7.36
JAX,2015-6-26,82,73,90,72,91,63,101,1966,1952,0.02,0.23,5.20
JAX,2015-6-27,84,75,92,72,91,65,102,1936,1950,0.0,0.24,1.39
JAX,2015-6-28,82,73,91,72,91,63,101,2012,1954,0.23,0.23,1.37
JAX,2015-6-29,79,71,86,72,91,63,100,1981,1998,0.23,0.24,5.90
JAX,2015-6-30,79,69,89,72,91,66,100,1974,1990,0.03,0.24,5.91
